Invoice_Number,Amount,Posting_Date,Vendor_Name,GL_Account,Created_By,Approved_By,Entry_Type,Description
INV-10001,593.83,2026-03-24,OfficeDepot Co,6020-IT Cloud Infra,bob.jones,diana.prince,AP_INVOICE,Payment for standard services INV-10001
INV-10002,3754.59,2026-03-01,Metro Facilities,6010-Office Expense,emily.watson,diana.prince,AP_INVOICE,Payment for standard services INV-10002
INV-10003,1215.25,2026-03-21,Metro Facilities,6010-Office Expense,bob.jones,bruce.wayne,AP_INVOICE,Payment for standard services INV-10003
INV-10004,2647.18,2026-03-25,Delta Freight,6050-Maintenance,charlie.brown,diana.prince,AP_INVOICE,Payment for standard services INV-10004
INV-10005,4231.25,2026-03-25,OfficeDepot Co,6030-Consulting Fees,bob.jones,diana.prince,AP_INVOICE,Payment for standard services INV-10005
INV-10006,657.47,2026-03-09,TechSupplies Inc,6030-Consulting Fees,charlie.brown,bruce.wayne,AP_INVOICE,Payment for standard services INV-10006
INV-10007,4391.94,2026-03-18,Metro Facilities,6010-Office Expense,emily.watson,diana.prince,AP_INVOICE,Payment for standard services INV-10007
INV-10008,3303.05,2026-03-03,OfficeDepot Co,6050-Maintenance,bob.jones,bruce.wayne,AP_INVOICE,Payment for standard services INV-10008
INV-10009,1168.32,2026-03-13,OfficeDepot Co,6010-Office Expense,bob.jones,diana.prince,AP_INVOICE,Payment for standard services INV-10009
INV-10010,3328.63,2026-03-07,OfficeDepot Co,6020-IT Cloud Infra,charlie.brown,frank.castle,AP_INVOICE,Payment for standard services INV-10010
INV-10011,4011.22,2026-03-24,TechSupplies Inc,6050-Maintenance,bob.jones,bruce.wayne,AP_INVOICE,Payment for standard services INV-10011
INV-10012,2443.03,2026-03-11,OfficeDepot Co,6050-Maintenance,bob.jones,bruce.wayne,AP_INVOICE,Payment for standard services INV-10012
INV-10013,4714.99,2026-03-09,CloudScale Networks,6010-Office Expense,charlie.brown,frank.castle,AP_INVOICE,Payment for standard services INV-10013
INV-10014,4597.37,2026-03-16,Metro Facilities,6030-Consulting Fees,bob.jones,bruce.wayne,AP_INVOICE,Payment for standard services INV-10014
INV-10015,4800.2,2026-03-08,Delta Freight,6020-IT Cloud Infra,charlie.brown,diana.prince,AP_INVOICE,Payment for standard services INV-10015
INV-10016,3314.4,2026-03-08,Metro Facilities,6040-Freight & Delivery,emily.watson,frank.castle,AP_INVOICE,Payment for standard services INV-10016
INV-10017,3366.12,2026-03-05,Delta Freight,6010-Office Expense,alice.smith,diana.prince,AP_INVOICE,Payment for standard services INV-10017
INV-10018,4406.79,2026-03-13,Delta Freight,6050-Maintenance,alice.smith,frank.castle,AP_INVOICE,Payment for standard services INV-10018
INV-10019,2753.3,2026-03-24,OfficeDepot Co,6050-Maintenance,alice.smith,bruce.wayne,AP_INVOICE,Payment for standard services INV-10019
INV-10020,4479.84,2026-03-14,OfficeDepot Co,6030-Consulting Fees,alice.smith,frank.castle,AP_INVOICE,Payment for standard services INV-10020
INV-10021,103.67,2026-03-04,OfficeDepot Co,6050-Maintenance,bob.jones,bruce.wayne,AP_INVOICE,Payment for standard services INV-10021
INV-10022,2419.14,2026-03-12,Metro Facilities,6050-Maintenance,bob.jones,diana.prince,AP_INVOICE,Payment for standard services INV-10022
INV-10023,3348.44,2026-03-01,Metro Facilities,6010-Office Expense,charlie.brown,frank.castle,AP_INVOICE,Payment for standard services INV-10023
INV-10024,1874.66,2026-03-19,OfficeDepot Co,6020-IT Cloud Infra,alice.smith,diana.prince,AP_INVOICE,Payment for standard services INV-10024
INV-10025,1758.84,2026-03-22,Delta Freight,6010-Office Expense,bob.jones,diana.prince,AP_INVOICE,Payment for standard services INV-10025
INV-10026,3043.72,2026-03-18,OfficeDepot Co,6050-Maintenance,emily.watson,diana.prince,AP_INVOICE,Payment for standard services INV-10026
INV-10027,4085.85,2026-03-17,OfficeDepot Co,6040-Freight & Delivery,charlie.brown,frank.castle,AP_INVOICE,Payment for standard services INV-10027
INV-10028,1517.29,2026-03-18,TechSupplies Inc,6030-Consulting Fees,alice.smith,bruce.wayne,AP_INVOICE,Payment for standard services INV-10028
INV-10029,1226.57,2026-03-02,TechSupplies Inc,6010-Office Expense,bob.jones,diana.prince,AP_INVOICE,Payment for standard services INV-10029
INV-10030,1247.16,2026-03-18,CloudScale Networks,6030-Consulting Fees,emily.watson,diana.prince,AP_INVOICE,Payment for standard services INV-10030
INV-10031,4742.08,2026-03-26,Metro Facilities,6050-Maintenance,emily.watson,diana.prince,AP_INVOICE,Payment for standard services INV-10031
INV-10032,2329.46,2026-03-14,TechSupplies Inc,6010-Office Expense,emily.watson,frank.castle,AP_INVOICE,Payment for standard services INV-10032
INV-10033,4558.82,2026-03-24,TechSupplies Inc,6010-Office Expense,alice.smith,frank.castle,AP_INVOICE,Payment for standard services INV-10033
INV-10034,4496.25,2026-03-15,CloudScale Networks,6020-IT Cloud Infra,bob.jones,bruce.wayne,AP_INVOICE,Payment for standard services INV-10034
INV-10035,993.57,2026-03-26,Delta Freight,6020-IT Cloud Infra,alice.smith,frank.castle,AP_INVOICE,Payment for standard services INV-10035
INV-10036,3645.23,2026-03-25,TechSupplies Inc,6050-Maintenance,alice.smith,diana.prince,AP_INVOICE,Payment for standard services INV-10036
INV-10037,1689.7,2026-03-02,Delta Freight,6040-Freight & Delivery,bob.jones,frank.castle,AP_INVOICE,Payment for standard services INV-10037
INV-10038,101.71,2026-03-14,Delta Freight,6030-Consulting Fees,emily.watson,frank.castle,AP_INVOICE,Payment for standard services INV-10038
INV-10039,4191.93,2026-03-10,Metro Facilities,6040-Freight & Delivery,bob.jones,diana.prince,AP_INVOICE,Payment for standard services INV-10039
INV-10040,412.31,2026-03-02,Metro Facilities,6010-Office Expense,charlie.brown,diana.prince,AP_INVOICE,Payment for standard services INV-10040
INV-10041,2914.1,2026-03-03,Metro Facilities,6020-IT Cloud Infra,alice.smith,bruce.wayne,AP_INVOICE,Payment for standard services INV-10041
INV-10042,1209.67,2026-03-19,TechSupplies Inc,6020-IT Cloud Infra,emily.watson,diana.prince,AP_INVOICE,Payment for standard services INV-10042
INV-10043,3103.84,2026-03-19,Metro Facilities,6010-Office Expense,emily.watson,bruce.wayne,AP_INVOICE,Payment for standard services INV-10043
INV-10044,1963.5,2026-03-09,OfficeDepot Co,6020-IT Cloud Infra,charlie.brown,diana.prince,AP_INVOICE,Payment for standard services INV-10044
INV-10045,3588.46,2026-03-01,OfficeDepot Co,6040-Freight & Delivery,charlie.brown,diana.prince,AP_INVOICE,Payment for standard services INV-10045
INV-10046,5268.14,2026-03-09,TechSupplies Inc,6010-Office Expense,bob.jones,bruce.wayne,AP_INVOICE,Payment for standard services INV-10046
INV-10047,1815.49,2026-03-06,TechSupplies Inc,6020-IT Cloud Infra,charlie.brown,frank.castle,AP_INVOICE,Payment for standard services INV-10047
INV-10048,2980.12,2026-03-27,OfficeDepot Co,6050-Maintenance,alice.smith,bruce.wayne,AP_INVOICE,Payment for standard services INV-10048
INV-10049,5023.42,2026-03-04,TechSupplies Inc,6020-IT Cloud Infra,charlie.brown,diana.prince,AP_INVOICE,Payment for standard services INV-10049
INV-10050,1396.07,2026-03-11,OfficeDepot Co,6050-Maintenance,bob.jones,bruce.wayne,AP_INVOICE,Payment for standard services INV-10050
INV-10051,3277.29,2026-03-28,OfficeDepot Co,6050-Maintenance,emily.watson,frank.castle,AP_INVOICE,Payment for standard services INV-10051
INV-10052,3198.54,2026-03-25,OfficeDepot Co,6010-Office Expense,alice.smith,frank.castle,AP_INVOICE,Payment for standard services INV-10052
INV-10053,4962.28,2026-03-01,CloudScale Networks,6040-Freight & Delivery,emily.watson,bruce.wayne,AP_INVOICE,Payment for standard services INV-10053
INV-10054,4779.19,2026-03-19,CloudScale Networks,6050-Maintenance,alice.smith,frank.castle,AP_INVOICE,Payment for standard services INV-10054
INV-10055,2516.5,2026-03-12,TechSupplies Inc,6030-Consulting Fees,charlie.brown,diana.prince,AP_INVOICE,Payment for standard services INV-10055
INV-10056,1361.27,2026-03-24,TechSupplies Inc,6030-Consulting Fees,emily.watson,bruce.wayne,AP_INVOICE,Payment for standard services INV-10056
INV-10057,4725.66,2026-03-06,CloudScale Networks,6020-IT Cloud Infra,emily.watson,diana.prince,AP_INVOICE,Payment for standard services INV-10057
INV-10058,2267.88,2026-03-26,Delta Freight,6020-IT Cloud Infra,charlie.brown,diana.prince,AP_INVOICE,Payment for standard services INV-10058
INV-10059,2462.59,2026-03-27,TechSupplies Inc,6040-Freight & Delivery,bob.jones,diana.prince,AP_INVOICE,Payment for standard services INV-10059
INV-10060,2882.75,2026-03-07,CloudScale Networks,6020-IT Cloud Infra,alice.smith,bruce.wayne,AP_INVOICE,Payment for standard services INV-10060
INV-10061,1628.95,2026-03-17,TechSupplies Inc,6030-Consulting Fees,charlie.brown,bruce.wayne,AP_INVOICE,Payment for standard services INV-10061
INV-10062,5135.57,2026-03-09,Metro Facilities,6030-Consulting Fees,alice.smith,diana.prince,AP_INVOICE,Payment for standard services INV-10062
INV-10063,4901.56,2026-03-14,OfficeDepot Co,6010-Office Expense,alice.smith,bruce.wayne,AP_INVOICE,Payment for standard services INV-10063
INV-10064,4125.15,2026-03-19,Delta Freight,6050-Maintenance,alice.smith,frank.castle,AP_INVOICE,Payment for standard services INV-10064
INV-10065,326.36,2026-03-14,Delta Freight,6010-Office Expense,bob.jones,frank.castle,AP_INVOICE,Payment for standard services INV-10065
INV-10066,3357.19,2026-03-28,OfficeDepot Co,6050-Maintenance,charlie.brown,bruce.wayne,AP_INVOICE,Payment for standard services INV-10066
INV-10067,4561.13,2026-03-13,Metro Facilities,6030-Consulting Fees,emily.watson,frank.castle,AP_INVOICE,Payment for standard services INV-10067
INV-10068,3314.14,2026-03-24,CloudScale Networks,6040-Freight & Delivery,emily.watson,bruce.wayne,AP_INVOICE,Payment for standard services INV-10068
INV-10069,4130.39,2026-03-10,OfficeDepot Co,6040-Freight & Delivery,alice.smith,frank.castle,AP_INVOICE,Payment for standard services INV-10069
INV-10070,4037.12,2026-03-15,Metro Facilities,6030-Consulting Fees,emily.watson,frank.castle,AP_INVOICE,Payment for standard services INV-10070
INV-10071,3067.4,2026-03-22,CloudScale Networks,6010-Office Expense,charlie.brown,bruce.wayne,AP_INVOICE,Payment for standard services INV-10071
INV-10072,2133.59,2026-03-05,CloudScale Networks,6030-Consulting Fees,bob.jones,diana.prince,AP_INVOICE,Payment for standard services INV-10072
INV-10073,1242.89,2026-03-14,Delta Freight,6050-Maintenance,alice.smith,frank.castle,AP_INVOICE,Payment for standard services INV-10073
INV-10074,3860.34,2026-03-05,Delta Freight,6040-Freight & Delivery,emily.watson,diana.prince,AP_INVOICE,Payment for standard services INV-10074
INV-10075,517.95,2026-03-26,TechSupplies Inc,6040-Freight & Delivery,bob.jones,diana.prince,AP_INVOICE,Payment for standard services INV-10075
INV-10076,4020.78,2026-03-15,TechSupplies Inc,6050-Maintenance,bob.jones,diana.prince,AP_INVOICE,Payment for standard services INV-10076
INV-10077,2392.97,2026-03-20,Metro Facilities,6050-Maintenance,charlie.brown,frank.castle,AP_INVOICE,Payment for standard services INV-10077
INV-10078,5220.53,2026-03-24,Delta Freight,6050-Maintenance,emily.watson,diana.prince,AP_INVOICE,Payment for standard services INV-10078
INV-10079,3145.43,2026-03-08,CloudScale Networks,6030-Consulting Fees,emily.watson,bruce.wayne,AP_INVOICE,Payment for standard services INV-10079
INV-10080,541.1,2026-03-11,OfficeDepot Co,6020-IT Cloud Infra,charlie.brown,frank.castle,AP_INVOICE,Payment for standard services INV-10080
INV-10081,1417.91,2026-03-05,CloudScale Networks,6020-IT Cloud Infra,emily.watson,bruce.wayne,AP_INVOICE,Payment for standard services INV-10081
INV-10082,882.02,2026-03-02,Delta Freight,6030-Consulting Fees,emily.watson,frank.castle,AP_INVOICE,Payment for standard services INV-10082
INV-10083,2210.79,2026-03-01,Metro Facilities,6010-Office Expense,emily.watson,frank.castle,AP_INVOICE,Payment for standard services INV-10083
INV-10084,2787.16,2026-03-08,Delta Freight,6040-Freight & Delivery,bob.jones,frank.castle,AP_INVOICE,Payment for standard services INV-10084
INV-10085,2576.79,2026-03-06,Delta Freight,6030-Consulting Fees,emily.watson,bruce.wayne,AP_INVOICE,Payment for standard services INV-10085
INV-10086,5424.6,2026-03-19,Metro Facilities,6050-Maintenance,alice.smith,frank.castle,AP_INVOICE,Payment for standard services INV-10086
INV-10087,519.19,2026-03-02,Delta Freight,6020-IT Cloud Infra,emily.watson,diana.prince,AP_INVOICE,Payment for standard services INV-10087
INV-10088,1779.08,2026-03-09,Delta Freight,6030-Consulting Fees,charlie.brown,frank.castle,AP_INVOICE,Payment for standard services INV-10088
INV-10089,4788.77,2026-03-24,OfficeDepot Co,6010-Office Expense,emily.watson,diana.prince,AP_INVOICE,Payment for standard services INV-10089
INV-10090,5348.41,2026-03-02,OfficeDepot Co,6020-IT Cloud Infra,alice.smith,bruce.wayne,AP_INVOICE,Payment for standard services INV-10090
INV-10091,5380.08,2026-03-05,CloudScale Networks,6010-Office Expense,bob.jones,diana.prince,AP_INVOICE,Payment for standard services INV-10091
INV-10092,869.53,2026-03-06,CloudScale Networks,6040-Freight & Delivery,charlie.brown,frank.castle,AP_INVOICE,Payment for standard services INV-10092
INV-10093,5238.05,2026-03-19,TechSupplies Inc,6020-IT Cloud Infra,charlie.brown,diana.prince,AP_INVOICE,Payment for standard services INV-10093
INV-10094,1578.37,2026-03-19,Delta Freight,6040-Freight & Delivery,bob.jones,diana.prince,AP_INVOICE,Payment for standard services INV-10094
INV-10095,3667.86,2026-03-26,TechSupplies Inc,6030-Consulting Fees,alice.smith,bruce.wayne,AP_INVOICE,Payment for standard services INV-10095
INV-10096,2687.27,2026-03-28,OfficeDepot Co,6010-Office Expense,charlie.brown,diana.prince,AP_INVOICE,Payment for standard services INV-10096
INV-10097,2701.28,2026-03-05,Delta Freight,6030-Consulting Fees,emily.watson,bruce.wayne,AP_INVOICE,Payment for standard services INV-10097
INV-10098,3928.95,2026-03-14,OfficeDepot Co,6050-Maintenance,emily.watson,frank.castle,AP_INVOICE,Payment for standard services INV-10098
INV-10099,3752.68,2026-03-15,OfficeDepot Co,6020-IT Cloud Infra,alice.smith,frank.castle,AP_INVOICE,Payment for standard services INV-10099
INV-10100,2454.69,2026-03-16,Metro Facilities,6040-Freight & Delivery,charlie.brown,diana.prince,AP_INVOICE,Payment for standard services INV-10100
INV-10101,1773.95,2026-03-09,CloudScale Networks,6030-Consulting Fees,charlie.brown,frank.castle,AP_INVOICE,Payment for standard services INV-10101
INV-10102,4464.23,2026-03-07,OfficeDepot Co,6050-Maintenance,alice.smith,bruce.wayne,AP_INVOICE,Payment for standard services INV-10102
INV-10103,3643.45,2026-03-16,Delta Freight,6050-Maintenance,bob.jones,bruce.wayne,AP_INVOICE,Payment for standard services INV-10103
INV-10104,2926.38,2026-03-13,TechSupplies Inc,6010-Office Expense,charlie.brown,diana.prince,AP_INVOICE,Payment for standard services INV-10104
INV-10105,2067.6,2026-03-17,Metro Facilities,6030-Consulting Fees,emily.watson,bruce.wayne,AP_INVOICE,Payment for standard services INV-10105
INV-10106,5172.74,2026-03-15,Metro Facilities,6030-Consulting Fees,charlie.brown,bruce.wayne,AP_INVOICE,Payment for standard services INV-10106
INV-10107,1406.69,2026-03-24,TechSupplies Inc,6020-IT Cloud Infra,charlie.brown,diana.prince,AP_INVOICE,Payment for standard services INV-10107
INV-10108,4158.74,2026-03-16,CloudScale Networks,6020-IT Cloud Infra,bob.jones,bruce.wayne,AP_INVOICE,Payment for standard services INV-10108
INV-10109,3097.68,2026-03-27,Metro Facilities,6050-Maintenance,charlie.brown,diana.prince,AP_INVOICE,Payment for standard services INV-10109
INV-10110,1242.26,2026-03-18,CloudScale Networks,6030-Consulting Fees,alice.smith,bruce.wayne,AP_INVOICE,Payment for standard services INV-10110
INV-10111,298.03,2026-03-05,TechSupplies Inc,6050-Maintenance,charlie.brown,bruce.wayne,AP_INVOICE,Payment for standard services INV-10111
INV-10112,4223.52,2026-03-16,TechSupplies Inc,6010-Office Expense,charlie.brown,frank.castle,AP_INVOICE,Payment for standard services INV-10112
INV-10113,1191.27,2026-03-27,TechSupplies Inc,6030-Consulting Fees,emily.watson,diana.prince,AP_INVOICE,Payment for standard services INV-10113
INV-10114,2494.22,2026-03-26,Metro Facilities,6010-Office Expense,bob.jones,diana.prince,AP_INVOICE,Payment for standard services INV-10114
INV-10115,1898.49,2026-03-20,CloudScale Networks,6010-Office Expense,emily.watson,bruce.wayne,AP_INVOICE,Payment for standard services INV-10115
INV-10116,1840.06,2026-03-10,Metro Facilities,6040-Freight & Delivery,emily.watson,frank.castle,AP_INVOICE,Payment for standard services INV-10116
INV-10117,5835.54,2026-03-24,OfficeDepot Co,6050-Maintenance,alice.smith,bruce.wayne,AP_INVOICE,Payment for standard services INV-10117
INV-10118,3863.09,2026-03-08,CloudScale Networks,6030-Consulting Fees,alice.smith,diana.prince,AP_INVOICE,Payment for standard services INV-10118
INV-10119,470.49,2026-03-20,TechSupplies Inc,6040-Freight & Delivery,emily.watson,bruce.wayne,AP_INVOICE,Payment for standard services INV-10119
INV-10120,458.49,2026-03-22,OfficeDepot Co,6030-Consulting Fees,emily.watson,diana.prince,AP_INVOICE,Payment for standard services INV-10120
INV-10121,1449.75,2026-03-18,Metro Facilities,6020-IT Cloud Infra,emily.watson,diana.prince,AP_INVOICE,Payment for standard services INV-10121
INV-10122,868.05,2026-03-06,OfficeDepot Co,6020-IT Cloud Infra,alice.smith,diana.prince,AP_INVOICE,Payment for standard services INV-10122
INV-10123,3687.23,2026-03-15,Metro Facilities,6030-Consulting Fees,emily.watson,diana.prince,AP_INVOICE,Payment for standard services INV-10123
INV-10124,4026.79,2026-03-03,OfficeDepot Co,6050-Maintenance,emily.watson,frank.castle,AP_INVOICE,Payment for standard services INV-10124
INV-10125,4858.35,2026-03-03,OfficeDepot Co,6050-Maintenance,charlie.brown,diana.prince,AP_INVOICE,Payment for standard services INV-10125
INV-10126,3491.73,2026-03-27,Metro Facilities,6050-Maintenance,alice.smith,bruce.wayne,AP_INVOICE,Payment for standard services INV-10126
INV-10127,352.07,2026-03-06,CloudScale Networks,6040-Freight & Delivery,emily.watson,frank.castle,AP_INVOICE,Payment for standard services INV-10127
INV-10128,4791.08,2026-03-14,Delta Freight,6010-Office Expense,emily.watson,frank.castle,AP_INVOICE,Payment for standard services INV-10128
INV-10129,3536.41,2026-03-16,CloudScale Networks,6030-Consulting Fees,emily.watson,bruce.wayne,AP_INVOICE,Payment for standard services INV-10129
INV-10130,4879.51,2026-03-11,Metro Facilities,6010-Office Expense,emily.watson,diana.prince,AP_INVOICE,Payment for standard services INV-10130
INV-10131,719.35,2026-03-28,Delta Freight,6050-Maintenance,alice.smith,bruce.wayne,AP_INVOICE,Payment for standard services INV-10131
INV-10132,2424.09,2026-03-25,CloudScale Networks,6050-Maintenance,charlie.brown,bruce.wayne,AP_INVOICE,Payment for standard services INV-10132
INV-10133,2526.35,2026-03-05,TechSupplies Inc,6020-IT Cloud Infra,charlie.brown,bruce.wayne,AP_INVOICE,Payment for standard services INV-10133
INV-10134,3378.15,2026-03-20,Delta Freight,6010-Office Expense,alice.smith,bruce.wayne,AP_INVOICE,Payment for standard services INV-10134
INV-10135,4274.52,2026-03-14,OfficeDepot Co,6050-Maintenance,alice.smith,bruce.wayne,AP_INVOICE,Payment for standard services INV-10135
INV-10136,5005.39,2026-03-27,TechSupplies Inc,6040-Freight & Delivery,alice.smith,bruce.wayne,AP_INVOICE,Payment for standard services INV-10136
INV-10137,4739.18,2026-03-27,OfficeDepot Co,6050-Maintenance,charlie.brown,frank.castle,AP_INVOICE,Payment for standard services INV-10137
INV-10138,2662.81,2026-03-07,Delta Freight,6050-Maintenance,bob.jones,frank.castle,AP_INVOICE,Payment for standard services INV-10138
INV-10139,3693.33,2026-03-11,CloudScale Networks,6010-Office Expense,charlie.brown,frank.castle,AP_INVOICE,Payment for standard services INV-10139
INV-10140,3768.45,2026-03-19,TechSupplies Inc,6030-Consulting Fees,charlie.brown,bruce.wayne,AP_INVOICE,Payment for standard services INV-10140
INV-10141,5519.86,2026-03-11,CloudScale Networks,6040-Freight & Delivery,emily.watson,frank.castle,AP_INVOICE,Payment for standard services INV-10141
INV-10142,3082.97,2026-03-08,Delta Freight,6030-Consulting Fees,bob.jones,bruce.wayne,AP_INVOICE,Payment for standard services INV-10142
INV-10143,1557.15,2026-03-16,Delta Freight,6010-Office Expense,charlie.brown,bruce.wayne,AP_INVOICE,Payment for standard services INV-10143
INV-10144,4608.63,2026-03-05,Delta Freight,6020-IT Cloud Infra,emily.watson,diana.prince,AP_INVOICE,Payment for standard services INV-10144
INV-10145,3268.98,2026-03-15,TechSupplies Inc,6040-Freight & Delivery,alice.smith,bruce.wayne,AP_INVOICE,Payment for standard services INV-10145
INV-10146,736.3,2026-03-11,CloudScale Networks,6010-Office Expense,emily.watson,frank.castle,AP_INVOICE,Payment for standard services INV-10146
INV-10147,2432.73,2026-03-21,TechSupplies Inc,6030-Consulting Fees,emily.watson,frank.castle,AP_INVOICE,Payment for standard services INV-10147
INV-10148,4370.19,2026-03-21,Metro Facilities,6010-Office Expense,alice.smith,diana.prince,AP_INVOICE,Payment for standard services INV-10148
INV-10149,1963.0,2026-03-25,CloudScale Networks,6010-Office Expense,emily.watson,diana.prince,AP_INVOICE,Payment for standard services INV-10149
INV-10150,4816.17,2026-03-02,Delta Freight,6020-IT Cloud Infra,charlie.brown,diana.prince,AP_INVOICE,Payment for standard services INV-10150
INV-10151,466.49,2026-03-08,OfficeDepot Co,6030-Consulting Fees,emily.watson,diana.prince,AP_INVOICE,Payment for standard services INV-10151
INV-10152,3174.86,2026-03-20,CloudScale Networks,6020-IT Cloud Infra,bob.jones,diana.prince,AP_INVOICE,Payment for standard services INV-10152
INV-10153,4023.37,2026-03-15,CloudScale Networks,6040-Freight & Delivery,bob.jones,diana.prince,AP_INVOICE,Payment for standard services INV-10153
INV-10154,2760.39,2026-03-18,TechSupplies Inc,6040-Freight & Delivery,charlie.brown,bruce.wayne,AP_INVOICE,Payment for standard services INV-10154
INV-10155,2291.61,2026-03-14,OfficeDepot Co,6050-Maintenance,charlie.brown,bruce.wayne,AP_INVOICE,Payment for standard services INV-10155
INV-10156,2817.1,2026-03-04,OfficeDepot Co,6020-IT Cloud Infra,emily.watson,frank.castle,AP_INVOICE,Payment for standard services INV-10156
INV-10157,2985.74,2026-03-27,Metro Facilities,6030-Consulting Fees,charlie.brown,diana.prince,AP_INVOICE,Payment for standard services INV-10157
INV-10158,1862.78,2026-03-25,Metro Facilities,6010-Office Expense,emily.watson,frank.castle,AP_INVOICE,Payment for standard services INV-10158
INV-10159,3760.94,2026-03-09,OfficeDepot Co,6020-IT Cloud Infra,bob.jones,bruce.wayne,AP_INVOICE,Payment for standard services INV-10159
INV-10160,4117.05,2026-03-26,CloudScale Networks,6010-Office Expense,alice.smith,frank.castle,AP_INVOICE,Payment for standard services INV-10160
INV-10161,3163.65,2026-03-24,CloudScale Networks,6010-Office Expense,charlie.brown,frank.castle,AP_INVOICE,Payment for standard services INV-10161
INV-10162,1253.62,2026-03-09,Metro Facilities,6030-Consulting Fees,charlie.brown,diana.prince,AP_INVOICE,Payment for standard services INV-10162
INV-10163,5825.79,2026-03-03,OfficeDepot Co,6030-Consulting Fees,alice.smith,frank.castle,AP_INVOICE,Payment for standard services INV-10163
INV-10164,4901.1,2026-03-26,Delta Freight,6050-Maintenance,charlie.brown,diana.prince,AP_INVOICE,Payment for standard services INV-10164
INV-10165,1555.47,2026-03-24,TechSupplies Inc,6040-Freight & Delivery,charlie.brown,bruce.wayne,AP_INVOICE,Payment for standard services INV-10165
INV-10166,3429.06,2026-03-01,OfficeDepot Co,6010-Office Expense,bob.jones,frank.castle,AP_INVOICE,Payment for standard services INV-10166
INV-10167,5151.29,2026-03-03,OfficeDepot Co,6050-Maintenance,bob.jones,bruce.wayne,AP_INVOICE,Payment for standard services INV-10167
INV-10168,2780.73,2026-03-02,OfficeDepot Co,6040-Freight & Delivery,alice.smith,diana.prince,AP_INVOICE,Payment for standard services INV-10168
INV-10169,2844.41,2026-03-18,Delta Freight,6010-Office Expense,alice.smith,diana.prince,AP_INVOICE,Payment for standard services INV-10169
INV-10170,2339.29,2026-03-21,Metro Facilities,6040-Freight & Delivery,bob.jones,frank.castle,AP_INVOICE,Payment for standard services INV-10170
INV-10171,2498.77,2026-03-12,Delta Freight,6030-Consulting Fees,alice.smith,bruce.wayne,AP_INVOICE,Payment for standard services INV-10171
INV-10172,2339.27,2026-03-12,CloudScale Networks,6030-Consulting Fees,alice.smith,bruce.wayne,AP_INVOICE,Payment for standard services INV-10172
INV-10173,5243.26,2026-03-07,OfficeDepot Co,6010-Office Expense,emily.watson,frank.castle,AP_INVOICE,Payment for standard services INV-10173
INV-10174,6297.39,2026-03-21,Delta Freight,6010-Office Expense,bob.jones,bruce.wayne,AP_INVOICE,Payment for standard services INV-10174
INV-10175,525.71,2026-03-07,OfficeDepot Co,6020-IT Cloud Infra,bob.jones,bruce.wayne,AP_INVOICE,Payment for standard services INV-10175
INV-10176,3860.12,2026-03-11,CloudScale Networks,6050-Maintenance,bob.jones,diana.prince,AP_INVOICE,Payment for standard services INV-10176
INV-10177,4615.32,2026-03-05,Metro Facilities,6010-Office Expense,charlie.brown,diana.prince,AP_INVOICE,Payment for standard services INV-10177
INV-10178,4344.23,2026-03-12,TechSupplies Inc,6010-Office Expense,bob.jones,diana.prince,AP_INVOICE,Payment for standard services INV-10178
INV-10179,1899.54,2026-03-02,OfficeDepot Co,6010-Office Expense,bob.jones,frank.castle,AP_INVOICE,Payment for standard services INV-10179
INV-10180,2171.59,2026-03-25,TechSupplies Inc,6010-Office Expense,emily.watson,frank.castle,AP_INVOICE,Payment for standard services INV-10180
INV-10181,3174.66,2026-03-02,Delta Freight,6050-Maintenance,bob.jones,bruce.wayne,AP_INVOICE,Payment for standard services INV-10181
INV-10182,5129.3,2026-03-01,Metro Facilities,6030-Consulting Fees,emily.watson,bruce.wayne,AP_INVOICE,Payment for standard services INV-10182
INV-10183,2428.36,2026-03-23,Delta Freight,6040-Freight & Delivery,alice.smith,frank.castle,AP_INVOICE,Payment for standard services INV-10183
INV-10184,1458.8,2026-03-05,TechSupplies Inc,6030-Consulting Fees,bob.jones,diana.prince,AP_INVOICE,Payment for standard services INV-10184
INV-10185,3313.78,2026-03-17,Metro Facilities,6030-Consulting Fees,emily.watson,bruce.wayne,AP_INVOICE,Payment for standard services INV-10185
INV-10186,2689.94,2026-03-21,Delta Freight,6010-Office Expense,alice.smith,bruce.wayne,AP_INVOICE,Payment for standard services INV-10186
INV-10187,3706.76,2026-03-14,CloudScale Networks,6040-Freight & Delivery,emily.watson,diana.prince,AP_INVOICE,Payment for standard services INV-10187
INV-10188,2459.21,2026-03-11,Delta Freight,6010-Office Expense,charlie.brown,frank.castle,AP_INVOICE,Payment for standard services INV-10188
INV-10189,2370.04,2026-03-27,CloudScale Networks,6040-Freight & Delivery,alice.smith,diana.prince,AP_INVOICE,Payment for standard services INV-10189
INV-10190,2205.22,2026-03-18,OfficeDepot Co,6020-IT Cloud Infra,alice.smith,bruce.wayne,AP_INVOICE,Payment for standard services INV-10190
INV-10191,3724.53,2026-03-02,Delta Freight,6030-Consulting Fees,emily.watson,bruce.wayne,AP_INVOICE,Payment for standard services INV-10191
INV-10192,4560.6,2026-03-22,OfficeDepot Co,6010-Office Expense,bob.jones,diana.prince,AP_INVOICE,Payment for standard services INV-10192
INV-10193,4534.07,2026-03-25,OfficeDepot Co,6050-Maintenance,charlie.brown,diana.prince,AP_INVOICE,Payment for standard services INV-10193
INV-10194,1285.47,2026-03-22,Delta Freight,6050-Maintenance,alice.smith,bruce.wayne,AP_INVOICE,Payment for standard services INV-10194
INV-10195,2140.52,2026-03-12,CloudScale Networks,6030-Consulting Fees,charlie.brown,frank.castle,AP_INVOICE,Payment for standard services INV-10195
INV-10196,4353.37,2026-03-24,Metro Facilities,6040-Freight & Delivery,alice.smith,diana.prince,AP_INVOICE,Payment for standard services INV-10196
INV-10197,614.27,2026-03-15,Metro Facilities,6020-IT Cloud Infra,emily.watson,frank.castle,AP_INVOICE,Payment for standard services INV-10197
INV-10198,2044.16,2026-03-05,OfficeDepot Co,6050-Maintenance,alice.smith,diana.prince,AP_INVOICE,Payment for standard services INV-10198
INV-10199,3170.09,2026-03-14,TechSupplies Inc,6030-Consulting Fees,emily.watson,bruce.wayne,AP_INVOICE,Payment for standard services INV-10199
INV-10200,2514.99,2026-03-14,OfficeDepot Co,6020-IT Cloud Infra,alice.smith,frank.castle,AP_INVOICE,Payment for standard services INV-10200
INV-10201,3447.2,2026-03-08,Metro Facilities,6040-Freight & Delivery,charlie.brown,diana.prince,AP_INVOICE,Payment for standard services INV-10201
INV-10202,3226.96,2026-03-25,TechSupplies Inc,6020-IT Cloud Infra,charlie.brown,diana.prince,AP_INVOICE,Payment for standard services INV-10202
INV-10203,1351.47,2026-03-24,OfficeDepot Co,6010-Office Expense,alice.smith,frank.castle,AP_INVOICE,Payment for standard services INV-10203
INV-10204,908.11,2026-03-13,Metro Facilities,6020-IT Cloud Infra,charlie.brown,diana.prince,AP_INVOICE,Payment for standard services INV-10204
INV-10205,1111.55,2026-03-19,TechSupplies Inc,6040-Freight & Delivery,alice.smith,frank.castle,AP_INVOICE,Payment for standard services INV-10205
INV-10206,2280.46,2026-03-01,Delta Freight,6030-Consulting Fees,alice.smith,frank.castle,AP_INVOICE,Payment for standard services INV-10206
INV-10207,2391.93,2026-03-14,Metro Facilities,6040-Freight & Delivery,charlie.brown,diana.prince,AP_INVOICE,Payment for standard services INV-10207
INV-10208,2061.6,2026-03-28,Metro Facilities,6040-Freight & Delivery,alice.smith,frank.castle,AP_INVOICE,Payment for standard services INV-10208
INV-10209,1871.33,2026-03-21,OfficeDepot Co,6020-IT Cloud Infra,alice.smith,bruce.wayne,AP_INVOICE,Payment for standard services INV-10209
INV-10210,2609.14,2026-03-04,OfficeDepot Co,6030-Consulting Fees,bob.jones,diana.prince,AP_INVOICE,Payment for standard services INV-10210
INV-10211,1065.64,2026-03-25,Metro Facilities,6020-IT Cloud Infra,alice.smith,diana.prince,AP_INVOICE,Payment for standard services INV-10211
INV-10212,2770.05,2026-03-19,Metro Facilities,6050-Maintenance,emily.watson,bruce.wayne,AP_INVOICE,Payment for standard services INV-10212
INV-10213,5396.29,2026-03-03,OfficeDepot Co,6030-Consulting Fees,bob.jones,frank.castle,AP_INVOICE,Payment for standard services INV-10213
INV-10214,3445.39,2026-03-17,OfficeDepot Co,6050-Maintenance,alice.smith,frank.castle,AP_INVOICE,Payment for standard services INV-10214
INV-10215,2348.78,2026-03-03,TechSupplies Inc,6010-Office Expense,charlie.brown,frank.castle,AP_INVOICE,Payment for standard services INV-10215
INV-10216,5352.68,2026-03-19,TechSupplies Inc,6050-Maintenance,emily.watson,frank.castle,AP_INVOICE,Payment for standard services INV-10216
INV-10217,4324.84,2026-03-20,TechSupplies Inc,6040-Freight & Delivery,bob.jones,frank.castle,AP_INVOICE,Payment for standard services INV-10217
INV-10218,1053.3,2026-03-23,TechSupplies Inc,6040-Freight & Delivery,alice.smith,frank.castle,AP_INVOICE,Payment for standard services INV-10218
INV-10219,3273.82,2026-03-17,TechSupplies Inc,6020-IT Cloud Infra,emily.watson,frank.castle,AP_INVOICE,Payment for standard services INV-10219
INV-10220,1135.01,2026-03-25,OfficeDepot Co,6030-Consulting Fees,emily.watson,frank.castle,AP_INVOICE,Payment for standard services INV-10220
INV-10221,3179.32,2026-03-18,OfficeDepot Co,6010-Office Expense,charlie.brown,diana.prince,AP_INVOICE,Payment for standard services INV-10221
INV-10222,1938.37,2026-03-19,Metro Facilities,6020-IT Cloud Infra,charlie.brown,diana.prince,AP_INVOICE,Payment for standard services INV-10222
INV-10223,5074.84,2026-03-23,OfficeDepot Co,6040-Freight & Delivery,bob.jones,bruce.wayne,AP_INVOICE,Payment for standard services INV-10223
INV-10224,2806.11,2026-03-23,Delta Freight,6030-Consulting Fees,bob.jones,bruce.wayne,AP_INVOICE,Payment for standard services INV-10224
INV-10225,4491.12,2026-03-12,Metro Facilities,6010-Office Expense,emily.watson,bruce.wayne,AP_INVOICE,Payment for standard services INV-10225
INV-10226,1559.52,2026-03-08,CloudScale Networks,6030-Consulting Fees,emily.watson,diana.prince,AP_INVOICE,Payment for standard services INV-10226
INV-10227,5581.83,2026-03-11,OfficeDepot Co,6010-Office Expense,alice.smith,bruce.wayne,AP_INVOICE,Payment for standard services INV-10227
INV-10228,4034.77,2026-03-06,Metro Facilities,6040-Freight & Delivery,bob.jones,diana.prince,AP_INVOICE,Payment for standard services INV-10228
INV-10229,4658.73,2026-03-12,CloudScale Networks,6040-Freight & Delivery,alice.smith,frank.castle,AP_INVOICE,Payment for standard services INV-10229
INV-10230,1702.94,2026-03-26,Delta Freight,6050-Maintenance,charlie.brown,bruce.wayne,AP_INVOICE,Payment for standard services INV-10230
INV-10231,2942.87,2026-03-22,OfficeDepot Co,6040-Freight & Delivery,bob.jones,frank.castle,AP_INVOICE,Payment for standard services INV-10231
INV-10232,6245.32,2026-03-17,Delta Freight,6030-Consulting Fees,emily.watson,bruce.wayne,AP_INVOICE,Payment for standard services INV-10232
INV-10233,1062.76,2026-03-02,CloudScale Networks,6050-Maintenance,bob.jones,frank.castle,AP_INVOICE,Payment for standard services INV-10233
INV-10234,4833.06,2026-03-03,Metro Facilities,6010-Office Expense,alice.smith,frank.castle,AP_INVOICE,Payment for standard services INV-10234
INV-10235,2019.31,2026-03-08,Metro Facilities,6020-IT Cloud Infra,emily.watson,diana.prince,AP_INVOICE,Payment for standard services INV-10235
INV-10236,5187.79,2026-03-17,TechSupplies Inc,6040-Freight & Delivery,alice.smith,frank.castle,AP_INVOICE,Payment for standard services INV-10236
INV-10237,2147.72,2026-03-11,TechSupplies Inc,6030-Consulting Fees,bob.jones,diana.prince,AP_INVOICE,Payment for standard services INV-10237
INV-10238,5399.5,2026-03-10,OfficeDepot Co,6020-IT Cloud Infra,bob.jones,diana.prince,AP_INVOICE,Payment for standard services INV-10238
INV-10239,3489.71,2026-03-01,CloudScale Networks,6040-Freight & Delivery,emily.watson,bruce.wayne,AP_INVOICE,Payment for standard services INV-10239
INV-10240,1168.15,2026-03-25,CloudScale Networks,6020-IT Cloud Infra,emily.watson,diana.prince,AP_INVOICE,Payment for standard services INV-10240
INV-10241,1665.66,2026-03-26,TechSupplies Inc,6020-IT Cloud Infra,emily.watson,bruce.wayne,AP_INVOICE,Payment for standard services INV-10241
INV-10242,762.16,2026-03-17,Delta Freight,6050-Maintenance,alice.smith,bruce.wayne,AP_INVOICE,Payment for standard services INV-10242
INV-10243,3980.64,2026-03-12,OfficeDepot Co,6040-Freight & Delivery,alice.smith,bruce.wayne,AP_INVOICE,Payment for standard services INV-10243
INV-10244,2212.5,2026-03-17,TechSupplies Inc,6050-Maintenance,charlie.brown,diana.prince,AP_INVOICE,Payment for standard services INV-10244
INV-10245,4287.65,2026-03-28,Metro Facilities,6050-Maintenance,alice.smith,frank.castle,AP_INVOICE,Payment for standard services INV-10245
INV-10246,3467.81,2026-03-26,OfficeDepot Co,6030-Consulting Fees,alice.smith,frank.castle,AP_INVOICE,Payment for standard services INV-10246
INV-10247,1244.7,2026-03-02,TechSupplies Inc,6050-Maintenance,charlie.brown,diana.prince,AP_INVOICE,Payment for standard services INV-10247
INV-10248,1894.8,2026-03-06,CloudScale Networks,6040-Freight & Delivery,emily.watson,bruce.wayne,AP_INVOICE,Payment for standard services INV-10248
INV-10249,1075.76,2026-03-02,Delta Freight,6010-Office Expense,charlie.brown,diana.prince,AP_INVOICE,Payment for standard services INV-10249
INV-10250,5134.77,2026-03-16,OfficeDepot Co,6030-Consulting Fees,emily.watson,bruce.wayne,AP_INVOICE,Payment for standard services INV-10250
INV-10251,3900.37,2026-03-28,CloudScale Networks,6030-Consulting Fees,charlie.brown,diana.prince,AP_INVOICE,Payment for standard services INV-10251
INV-10252,1853.2,2026-03-15,OfficeDepot Co,6040-Freight & Delivery,emily.watson,bruce.wayne,AP_INVOICE,Payment for standard services INV-10252
INV-10253,2952.01,2026-03-26,CloudScale Networks,6040-Freight & Delivery,emily.watson,frank.castle,AP_INVOICE,Payment for standard services INV-10253
INV-10254,4337.34,2026-03-27,Delta Freight,6010-Office Expense,emily.watson,bruce.wayne,AP_INVOICE,Payment for standard services INV-10254
INV-10255,1565.45,2026-03-10,TechSupplies Inc,6010-Office Expense,charlie.brown,bruce.wayne,AP_INVOICE,Payment for standard services INV-10255
INV-10256,3181.78,2026-03-15,Delta Freight,6020-IT Cloud Infra,emily.watson,frank.castle,AP_INVOICE,Payment for standard services INV-10256
INV-10257,4370.96,2026-03-21,OfficeDepot Co,6050-Maintenance,emily.watson,frank.castle,AP_INVOICE,Payment for standard services INV-10257
INV-10258,6501.07,2026-03-26,TechSupplies Inc,6040-Freight & Delivery,charlie.brown,bruce.wayne,AP_INVOICE,Payment for standard services INV-10258
INV-10259,1431.98,2026-03-05,TechSupplies Inc,6020-IT Cloud Infra,emily.watson,diana.prince,AP_INVOICE,Payment for standard services INV-10259
INV-10260,3926.11,2026-03-02,OfficeDepot Co,6030-Consulting Fees,emily.watson,bruce.wayne,AP_INVOICE,Payment for standard services INV-10260
INV-10261,3816.62,2026-03-19,OfficeDepot Co,6030-Consulting Fees,emily.watson,diana.prince,AP_INVOICE,Payment for standard services INV-10261
INV-10262,1907.75,2026-03-01,OfficeDepot Co,6030-Consulting Fees,bob.jones,diana.prince,AP_INVOICE,Payment for standard services INV-10262
INV-10263,3098.99,2026-03-25,Delta Freight,6050-Maintenance,alice.smith,frank.castle,AP_INVOICE,Payment for standard services INV-10263
INV-10264,2372.58,2026-03-04,Metro Facilities,6030-Consulting Fees,emily.watson,diana.prince,AP_INVOICE,Payment for standard services INV-10264
INV-10265,445.16,2026-03-28,CloudScale Networks,6040-Freight & Delivery,alice.smith,bruce.wayne,AP_INVOICE,Payment for standard services INV-10265
INV-10266,5282.3,2026-03-28,TechSupplies Inc,6050-Maintenance,charlie.brown,frank.castle,AP_INVOICE,Payment for standard services INV-10266
INV-10267,3627.85,2026-03-07,CloudScale Networks,6030-Consulting Fees,bob.jones,diana.prince,AP_INVOICE,Payment for standard services INV-10267
INV-10268,1898.05,2026-03-19,Delta Freight,6010-Office Expense,charlie.brown,bruce.wayne,AP_INVOICE,Payment for standard services INV-10268
INV-10269,4227.41,2026-03-10,Metro Facilities,6020-IT Cloud Infra,alice.smith,diana.prince,AP_INVOICE,Payment for standard services INV-10269
INV-10270,3815.99,2026-03-27,Delta Freight,6050-Maintenance,emily.watson,frank.castle,AP_INVOICE,Payment for standard services INV-10270
INV-10271,1020.33,2026-03-22,OfficeDepot Co,6010-Office Expense,emily.watson,frank.castle,AP_INVOICE,Payment for standard services INV-10271
INV-10272,978.21,2026-03-14,Metro Facilities,6050-Maintenance,bob.jones,diana.prince,AP_INVOICE,Payment for standard services INV-10272
INV-10273,4656.88,2026-03-06,TechSupplies Inc,6050-Maintenance,bob.jones,frank.castle,AP_INVOICE,Payment for standard services INV-10273
INV-10274,4753.86,2026-03-09,CloudScale Networks,6030-Consulting Fees,charlie.brown,diana.prince,AP_INVOICE,Payment for standard services INV-10274
INV-10275,4880.53,2026-03-18,OfficeDepot Co,6020-IT Cloud Infra,charlie.brown,bruce.wayne,AP_INVOICE,Payment for standard services INV-10275
INV-10276,3252.67,2026-03-22,Metro Facilities,6050-Maintenance,bob.jones,diana.prince,AP_INVOICE,Payment for standard services INV-10276
INV-10277,4951.73,2026-03-03,OfficeDepot Co,6050-Maintenance,alice.smith,diana.prince,AP_INVOICE,Payment for standard services INV-10277
INV-10278,3231.79,2026-03-14,Metro Facilities,6030-Consulting Fees,bob.jones,bruce.wayne,AP_INVOICE,Payment for standard services INV-10278
INV-10279,594.3,2026-03-08,Metro Facilities,6030-Consulting Fees,charlie.brown,frank.castle,AP_INVOICE,Payment for standard services INV-10279
INV-10280,4163.03,2026-03-02,OfficeDepot Co,6040-Freight & Delivery,alice.smith,bruce.wayne,AP_INVOICE,Payment for standard services INV-10280
INV-10281,2161.38,2026-03-05,Delta Freight,6020-IT Cloud Infra,charlie.brown,bruce.wayne,AP_INVOICE,Payment for standard services INV-10281
INV-10282,3763.3,2026-03-17,OfficeDepot Co,6040-Freight & Delivery,bob.jones,frank.castle,AP_INVOICE,Payment for standard services INV-10282
INV-10283,1973.52,2026-03-08,Delta Freight,6010-Office Expense,charlie.brown,frank.castle,AP_INVOICE,Payment for standard services INV-10283
INV-10284,330.85,2026-03-28,Delta Freight,6050-Maintenance,emily.watson,diana.prince,AP_INVOICE,Payment for standard services INV-10284
INV-10285,5115.94,2026-03-16,Metro Facilities,6030-Consulting Fees,bob.jones,diana.prince,AP_INVOICE,Payment for standard services INV-10285
INV-10286,4820.64,2026-03-13,OfficeDepot Co,6040-Freight & Delivery,alice.smith,diana.prince,AP_INVOICE,Payment for standard services INV-10286
INV-10287,5150.61,2026-03-02,CloudScale Networks,6050-Maintenance,charlie.brown,diana.prince,AP_INVOICE,Payment for standard services INV-10287
INV-10288,3140.29,2026-03-14,Delta Freight,6030-Consulting Fees,alice.smith,diana.prince,AP_INVOICE,Payment for standard services INV-10288
INV-10289,1394.43,2026-03-13,OfficeDepot Co,6040-Freight & Delivery,charlie.brown,diana.prince,AP_INVOICE,Payment for standard services INV-10289
INV-10290,2837.1,2026-03-13,OfficeDepot Co,6050-Maintenance,charlie.brown,diana.prince,AP_INVOICE,Payment for standard services INV-10290
INV-10291,4140.14,2026-03-04,OfficeDepot Co,6050-Maintenance,alice.smith,diana.prince,AP_INVOICE,Payment for standard services INV-10291
INV-10292,4201.86,2026-03-07,OfficeDepot Co,6050-Maintenance,charlie.brown,diana.prince,AP_INVOICE,Payment for standard services INV-10292
INV-10293,2428.03,2026-03-23,TechSupplies Inc,6010-Office Expense,alice.smith,diana.prince,AP_INVOICE,Payment for standard services INV-10293
INV-10294,2556.25,2026-03-20,Delta Freight,6020-IT Cloud Infra,bob.jones,frank.castle,AP_INVOICE,Payment for standard services INV-10294
INV-10295,2143.42,2026-03-27,Metro Facilities,6030-Consulting Fees,charlie.brown,bruce.wayne,AP_INVOICE,Payment for standard services INV-10295
INV-10296,2775.08,2026-03-12,Metro Facilities,6030-Consulting Fees,emily.watson,diana.prince,AP_INVOICE,Payment for standard services INV-10296
INV-10297,737.98,2026-03-28,Delta Freight,6050-Maintenance,charlie.brown,bruce.wayne,AP_INVOICE,Payment for standard services INV-10297
INV-10298,667.17,2026-03-02,Delta Freight,6030-Consulting Fees,bob.jones,bruce.wayne,AP_INVOICE,Payment for standard services INV-10298
INV-10299,1255.02,2026-03-08,Metro Facilities,6040-Freight & Delivery,bob.jones,bruce.wayne,AP_INVOICE,Payment for standard services INV-10299
INV-10300,4755.98,2026-03-11,TechSupplies Inc,6020-IT Cloud Infra,alice.smith,frank.castle,AP_INVOICE,Payment for standard services INV-10300
INV-10301,2314.85,2026-03-24,CloudScale Networks,6040-Freight & Delivery,emily.watson,bruce.wayne,AP_INVOICE,Payment for standard services INV-10301
INV-10302,727.97,2026-03-16,CloudScale Networks,6050-Maintenance,charlie.brown,bruce.wayne,AP_INVOICE,Payment for standard services INV-10302
INV-10303,1911.08,2026-03-12,CloudScale Networks,6040-Freight & Delivery,charlie.brown,bruce.wayne,AP_INVOICE,Payment for standard services INV-10303
INV-10304,4846.57,2026-03-08,OfficeDepot Co,6050-Maintenance,emily.watson,diana.prince,AP_INVOICE,Payment for standard services INV-10304
INV-10305,1646.72,2026-03-23,OfficeDepot Co,6030-Consulting Fees,bob.jones,bruce.wayne,AP_INVOICE,Payment for standard services INV-10305
INV-10306,2706.35,2026-03-19,Metro Facilities,6030-Consulting Fees,charlie.brown,diana.prince,AP_INVOICE,Payment for standard services INV-10306
INV-10307,2412.69,2026-03-02,Delta Freight,6030-Consulting Fees,bob.jones,frank.castle,AP_INVOICE,Payment for standard services INV-10307
INV-10308,3726.19,2026-03-16,OfficeDepot Co,6040-Freight & Delivery,charlie.brown,bruce.wayne,AP_INVOICE,Payment for standard services INV-10308
INV-10309,4249.83,2026-03-04,OfficeDepot Co,6050-Maintenance,charlie.brown,diana.prince,AP_INVOICE,Payment for standard services INV-10309
INV-10310,3368.61,2026-03-08,CloudScale Networks,6010-Office Expense,bob.jones,bruce.wayne,AP_INVOICE,Payment for standard services INV-10310
INV-10311,2096.64,2026-03-18,Delta Freight,6010-Office Expense,bob.jones,diana.prince,AP_INVOICE,Payment for standard services INV-10311
INV-10312,2513.82,2026-03-11,Delta Freight,6040-Freight & Delivery,bob.jones,frank.castle,AP_INVOICE,Payment for standard services INV-10312
INV-10313,456.45,2026-03-24,TechSupplies Inc,6050-Maintenance,bob.jones,bruce.wayne,AP_INVOICE,Payment for standard services INV-10313
INV-10314,5261.85,2026-03-27,CloudScale Networks,6040-Freight & Delivery,bob.jones,diana.prince,AP_INVOICE,Payment for standard services INV-10314
INV-10315,2709.59,2026-03-19,OfficeDepot Co,6010-Office Expense,alice.smith,frank.castle,AP_INVOICE,Payment for standard services INV-10315
INV-10316,5058.46,2026-03-18,OfficeDepot Co,6030-Consulting Fees,emily.watson,bruce.wayne,AP_INVOICE,Payment for standard services INV-10316
INV-10317,4781.76,2026-03-07,CloudScale Networks,6050-Maintenance,emily.watson,frank.castle,AP_INVOICE,Payment for standard services INV-10317
INV-10318,2404.64,2026-03-24,Delta Freight,6030-Consulting Fees,bob.jones,diana.prince,AP_INVOICE,Payment for standard services INV-10318
INV-10319,1667.19,2026-03-17,CloudScale Networks,6020-IT Cloud Infra,emily.watson,frank.castle,AP_INVOICE,Payment for standard services INV-10319
INV-10320,2188.98,2026-03-11,TechSupplies Inc,6020-IT Cloud Infra,bob.jones,frank.castle,AP_INVOICE,Payment for standard services INV-10320
INV-10321,1279.85,2026-03-11,Delta Freight,6020-IT Cloud Infra,emily.watson,frank.castle,AP_INVOICE,Payment for standard services INV-10321
INV-10322,3778.94,2026-03-08,TechSupplies Inc,6030-Consulting Fees,charlie.brown,bruce.wayne,AP_INVOICE,Payment for standard services INV-10322
INV-10323,628.8,2026-03-17,OfficeDepot Co,6020-IT Cloud Infra,emily.watson,bruce.wayne,AP_INVOICE,Payment for standard services INV-10323
INV-10324,5594.53,2026-03-20,OfficeDepot Co,6010-Office Expense,charlie.brown,frank.castle,AP_INVOICE,Payment for standard services INV-10324
INV-10325,4899.53,2026-03-20,Delta Freight,6020-IT Cloud Infra,emily.watson,bruce.wayne,AP_INVOICE,Payment for standard services INV-10325
INV-10326,3723.2,2026-03-22,Delta Freight,6050-Maintenance,bob.jones,diana.prince,AP_INVOICE,Payment for standard services INV-10326
INV-10327,4999.39,2026-03-23,TechSupplies Inc,6050-Maintenance,emily.watson,bruce.wayne,AP_INVOICE,Payment for standard services INV-10327
INV-10328,4789.14,2026-03-18,TechSupplies Inc,6010-Office Expense,bob.jones,bruce.wayne,AP_INVOICE,Payment for standard services INV-10328
INV-10329,1720.36,2026-03-07,Metro Facilities,6040-Freight & Delivery,alice.smith,bruce.wayne,AP_INVOICE,Payment for standard services INV-10329
INV-10330,3017.16,2026-03-05,Metro Facilities,6040-Freight & Delivery,alice.smith,frank.castle,AP_INVOICE,Payment for standard services INV-10330
INV-10331,2613.42,2026-03-26,TechSupplies Inc,6050-Maintenance,emily.watson,bruce.wayne,AP_INVOICE,Payment for standard services INV-10331
INV-10332,284.42,2026-03-03,OfficeDepot Co,6010-Office Expense,bob.jones,bruce.wayne,AP_INVOICE,Payment for standard services INV-10332
INV-10333,1750.06,2026-03-16,TechSupplies Inc,6050-Maintenance,alice.smith,diana.prince,AP_INVOICE,Payment for standard services INV-10333
INV-10334,2064.76,2026-03-15,CloudScale Networks,6040-Freight & Delivery,charlie.brown,frank.castle,AP_INVOICE,Payment for standard services INV-10334
INV-10335,5451.56,2026-03-28,Delta Freight,6010-Office Expense,bob.jones,bruce.wayne,AP_INVOICE,Payment for standard services INV-10335
INV-10336,1092.89,2026-03-08,Metro Facilities,6040-Freight & Delivery,bob.jones,bruce.wayne,AP_INVOICE,Payment for standard services INV-10336
INV-10337,4593.66,2026-03-13,OfficeDepot Co,6040-Freight & Delivery,emily.watson,bruce.wayne,AP_INVOICE,Payment for standard services INV-10337
INV-10338,2025.22,2026-03-24,OfficeDepot Co,6020-IT Cloud Infra,charlie.brown,diana.prince,AP_INVOICE,Payment for standard services INV-10338
INV-10339,823.38,2026-03-07,Delta Freight,6050-Maintenance,alice.smith,diana.prince,AP_INVOICE,Payment for standard services INV-10339
INV-10340,3005.13,2026-03-24,Delta Freight,6050-Maintenance,alice.smith,diana.prince,AP_INVOICE,Payment for standard services INV-10340
INV-10341,2220.78,2026-03-17,Metro Facilities,6020-IT Cloud Infra,alice.smith,diana.prince,AP_INVOICE,Payment for standard services INV-10341
INV-10342,3443.5,2026-03-10,Metro Facilities,6030-Consulting Fees,charlie.brown,diana.prince,AP_INVOICE,Payment for standard services INV-10342
INV-10343,5868.92,2026-03-09,Metro Facilities,6020-IT Cloud Infra,emily.watson,frank.castle,AP_INVOICE,Payment for standard services INV-10343
INV-10344,4771.42,2026-03-12,CloudScale Networks,6040-Freight & Delivery,emily.watson,diana.prince,AP_INVOICE,Payment for standard services INV-10344
INV-10345,4638.09,2026-03-05,Metro Facilities,6030-Consulting Fees,emily.watson,frank.castle,AP_INVOICE,Payment for standard services INV-10345
INV-10346,1087.99,2026-03-10,Metro Facilities,6040-Freight & Delivery,bob.jones,diana.prince,AP_INVOICE,Payment for standard services INV-10346
INV-10347,1607.23,2026-03-18,Delta Freight,6010-Office Expense,emily.watson,frank.castle,AP_INVOICE,Payment for standard services INV-10347
INV-10348,2287.96,2026-03-03,OfficeDepot Co,6020-IT Cloud Infra,charlie.brown,bruce.wayne,AP_INVOICE,Payment for standard services INV-10348
INV-10349,5386.47,2026-03-09,TechSupplies Inc,6050-Maintenance,bob.jones,diana.prince,AP_INVOICE,Payment for standard services INV-10349
INV-10350,3241.86,2026-03-24,TechSupplies Inc,6010-Office Expense,bob.jones,bruce.wayne,AP_INVOICE,Payment for standard services INV-10350
INV-10351,1593.79,2026-03-07,CloudScale Networks,6030-Consulting Fees,charlie.brown,diana.prince,AP_INVOICE,Payment for standard services INV-10351
INV-10352,6055.99,2026-03-20,TechSupplies Inc,6040-Freight & Delivery,bob.jones,bruce.wayne,AP_INVOICE,Payment for standard services INV-10352
INV-10353,2536.67,2026-03-13,CloudScale Networks,6050-Maintenance,charlie.brown,frank.castle,AP_INVOICE,Payment for standard services INV-10353
INV-10354,3529.64,2026-03-16,OfficeDepot Co,6030-Consulting Fees,charlie.brown,bruce.wayne,AP_INVOICE,Payment for standard services INV-10354
INV-10355,4298.37,2026-03-11,Delta Freight,6030-Consulting Fees,bob.jones,frank.castle,AP_INVOICE,Payment for standard services INV-10355
INV-10356,3057.44,2026-03-18,CloudScale Networks,6020-IT Cloud Infra,alice.smith,frank.castle,AP_INVOICE,Payment for standard services INV-10356
INV-10357,4128.27,2026-03-11,Delta Freight,6030-Consulting Fees,bob.jones,diana.prince,AP_INVOICE,Payment for standard services INV-10357
INV-10358,2970.87,2026-03-25,CloudScale Networks,6040-Freight & Delivery,charlie.brown,frank.castle,AP_INVOICE,Payment for standard services INV-10358
INV-10359,5608.53,2026-03-26,Delta Freight,6040-Freight & Delivery,bob.jones,bruce.wayne,AP_INVOICE,Payment for standard services INV-10359
INV-10360,903.75,2026-03-21,Metro Facilities,6040-Freight & Delivery,bob.jones,bruce.wayne,AP_INVOICE,Payment for standard services INV-10360
INV-10361,4042.92,2026-03-05,TechSupplies Inc,6010-Office Expense,alice.smith,frank.castle,AP_INVOICE,Payment for standard services INV-10361
INV-10362,1996.73,2026-03-15,CloudScale Networks,6010-Office Expense,bob.jones,bruce.wayne,AP_INVOICE,Payment for standard services INV-10362
INV-10363,3303.21,2026-03-01,Metro Facilities,6040-Freight & Delivery,emily.watson,diana.prince,AP_INVOICE,Payment for standard services INV-10363
INV-10364,2404.46,2026-03-10,TechSupplies Inc,6050-Maintenance,charlie.brown,bruce.wayne,AP_INVOICE,Payment for standard services INV-10364
INV-10365,4075.44,2026-03-17,Delta Freight,6020-IT Cloud Infra,alice.smith,diana.prince,AP_INVOICE,Payment for standard services INV-10365
INV-10366,1040.29,2026-03-26,Metro Facilities,6030-Consulting Fees,charlie.brown,frank.castle,AP_INVOICE,Payment for standard services INV-10366
INV-10367,2099.08,2026-03-08,Delta Freight,6040-Freight & Delivery,bob.jones,bruce.wayne,AP_INVOICE,Payment for standard services INV-10367
INV-10368,4302.52,2026-03-13,TechSupplies Inc,6010-Office Expense,alice.smith,frank.castle,AP_INVOICE,Payment for standard services INV-10368
INV-10369,2598.33,2026-03-28,TechSupplies Inc,6020-IT Cloud Infra,alice.smith,frank.castle,AP_INVOICE,Payment for standard services INV-10369
INV-10370,4180.09,2026-03-07,Metro Facilities,6010-Office Expense,alice.smith,diana.prince,AP_INVOICE,Payment for standard services INV-10370
INV-10371,4506.44,2026-03-03,Metro Facilities,6040-Freight & Delivery,charlie.brown,diana.prince,AP_INVOICE,Payment for standard services INV-10371
INV-10372,1928.08,2026-03-28,Metro Facilities,6050-Maintenance,alice.smith,diana.prince,AP_INVOICE,Payment for standard services INV-10372
INV-10373,4977.64,2026-03-10,Metro Facilities,6020-IT Cloud Infra,emily.watson,diana.prince,AP_INVOICE,Payment for standard services INV-10373
INV-10374,1289.73,2026-03-25,Delta Freight,6050-Maintenance,charlie.brown,frank.castle,AP_INVOICE,Payment for standard services INV-10374
INV-10375,4560.33,2026-03-04,TechSupplies Inc,6050-Maintenance,charlie.brown,diana.prince,AP_INVOICE,Payment for standard services INV-10375
INV-10376,4453.57,2026-03-01,OfficeDepot Co,6050-Maintenance,emily.watson,frank.castle,AP_INVOICE,Payment for standard services INV-10376
INV-10377,4372.36,2026-03-18,Delta Freight,6040-Freight & Delivery,bob.jones,frank.castle,AP_INVOICE,Payment for standard services INV-10377
INV-10378,3439.61,2026-03-10,Metro Facilities,6040-Freight & Delivery,alice.smith,bruce.wayne,AP_INVOICE,Payment for standard services INV-10378
INV-10379,4288.3,2026-03-23,TechSupplies Inc,6030-Consulting Fees,bob.jones,frank.castle,AP_INVOICE,Payment for standard services INV-10379
INV-10380,1469.23,2026-03-03,Delta Freight,6030-Consulting Fees,charlie.brown,diana.prince,AP_INVOICE,Payment for standard services INV-10380
INV-10381,1550.6,2026-03-03,OfficeDepot Co,6030-Consulting Fees,alice.smith,diana.prince,AP_INVOICE,Payment for standard services INV-10381
INV-10382,2343.11,2026-03-01,Metro Facilities,6050-Maintenance,emily.watson,diana.prince,AP_INVOICE,Payment for standard services INV-10382
INV-10383,2817.81,2026-03-01,Metro Facilities,6050-Maintenance,charlie.brown,frank.castle,AP_INVOICE,Payment for standard services INV-10383
INV-10384,2100.41,2026-03-17,TechSupplies Inc,6050-Maintenance,bob.jones,bruce.wayne,AP_INVOICE,Payment for standard services INV-10384
INV-10385,1993.48,2026-03-16,CloudScale Networks,6030-Consulting Fees,charlie.brown,frank.castle,AP_INVOICE,Payment for standard services INV-10385
INV-10386,915.35,2026-03-26,OfficeDepot Co,6040-Freight & Delivery,charlie.brown,frank.castle,AP_INVOICE,Payment for standard services INV-10386
INV-10387,1302.0,2026-03-04,CloudScale Networks,6040-Freight & Delivery,bob.jones,frank.castle,AP_INVOICE,Payment for standard services INV-10387
INV-10388,109.29,2026-03-15,Delta Freight,6030-Consulting Fees,emily.watson,frank.castle,AP_INVOICE,Payment for standard services INV-10388
INV-10389,4262.63,2026-03-20,Metro Facilities,6020-IT Cloud Infra,charlie.brown,frank.castle,AP_INVOICE,Payment for standard services INV-10389
INV-10390,2336.48,2026-03-10,OfficeDepot Co,6020-IT Cloud Infra,emily.watson,frank.castle,AP_INVOICE,Payment for standard services INV-10390
INV-10391,3765.58,2026-03-09,Metro Facilities,6020-IT Cloud Infra,charlie.brown,frank.castle,AP_INVOICE,Payment for standard services INV-10391
INV-10392,2733.73,2026-03-18,TechSupplies Inc,6050-Maintenance,bob.jones,bruce.wayne,AP_INVOICE,Payment for standard services INV-10392
INV-10393,3929.68,2026-03-26,TechSupplies Inc,6040-Freight & Delivery,bob.jones,frank.castle,AP_INVOICE,Payment for standard services INV-10393
INV-10394,3622.21,2026-03-10,Delta Freight,6040-Freight & Delivery,bob.jones,bruce.wayne,AP_INVOICE,Payment for standard services INV-10394
INV-10395,3421.42,2026-03-20,Delta Freight,6040-Freight & Delivery,alice.smith,frank.castle,AP_INVOICE,Payment for standard services INV-10395
INV-10396,2303.62,2026-03-23,Metro Facilities,6040-Freight & Delivery,alice.smith,frank.castle,AP_INVOICE,Payment for standard services INV-10396
INV-10397,3705.52,2026-03-22,TechSupplies Inc,6010-Office Expense,bob.jones,bruce.wayne,AP_INVOICE,Payment for standard services INV-10397
INV-10398,3435.86,2026-03-26,TechSupplies Inc,6050-Maintenance,emily.watson,frank.castle,AP_INVOICE,Payment for standard services INV-10398
INV-10399,315.95,2026-03-12,OfficeDepot Co,6020-IT Cloud Infra,bob.jones,frank.castle,AP_INVOICE,Payment for standard services INV-10399
INV-10400,4087.26,2026-03-01,Metro Facilities,6050-Maintenance,bob.jones,frank.castle,AP_INVOICE,Payment for standard services INV-10400
INV-10401,1780.88,2026-03-10,TechSupplies Inc,6010-Office Expense,bob.jones,frank.castle,AP_INVOICE,Payment for standard services INV-10401
INV-10402,4112.59,2026-03-04,Metro Facilities,6040-Freight & Delivery,charlie.brown,frank.castle,AP_INVOICE,Payment for standard services INV-10402
INV-10403,3746.3,2026-03-26,OfficeDepot Co,6010-Office Expense,charlie.brown,diana.prince,AP_INVOICE,Payment for standard services INV-10403
INV-10404,680.95,2026-03-08,OfficeDepot Co,6010-Office Expense,bob.jones,bruce.wayne,AP_INVOICE,Payment for standard services INV-10404
INV-10405,3090.58,2026-03-08,OfficeDepot Co,6050-Maintenance,emily.watson,frank.castle,AP_INVOICE,Payment for standard services INV-10405
INV-10406,3871.73,2026-03-24,CloudScale Networks,6040-Freight & Delivery,emily.watson,diana.prince,AP_INVOICE,Payment for standard services INV-10406
INV-10407,1423.14,2026-03-23,Metro Facilities,6040-Freight & Delivery,emily.watson,diana.prince,AP_INVOICE,Payment for standard services INV-10407
INV-10408,1507.76,2026-03-06,TechSupplies Inc,6050-Maintenance,alice.smith,bruce.wayne,AP_INVOICE,Payment for standard services INV-10408
INV-10409,1198.32,2026-03-21,TechSupplies Inc,6030-Consulting Fees,emily.watson,bruce.wayne,AP_INVOICE,Payment for standard services INV-10409
INV-10410,2118.51,2026-03-12,Delta Freight,6050-Maintenance,alice.smith,frank.castle,AP_INVOICE,Payment for standard services INV-10410
INV-10411,3931.09,2026-03-05,OfficeDepot Co,6050-Maintenance,alice.smith,bruce.wayne,AP_INVOICE,Payment for standard services INV-10411
INV-10412,1369.54,2026-03-05,TechSupplies Inc,6020-IT Cloud Infra,charlie.brown,bruce.wayne,AP_INVOICE,Payment for standard services INV-10412
INV-10413,2418.78,2026-03-06,CloudScale Networks,6050-Maintenance,emily.watson,frank.castle,AP_INVOICE,Payment for standard services INV-10413
INV-10414,2991.6,2026-03-10,CloudScale Networks,6050-Maintenance,bob.jones,frank.castle,AP_INVOICE,Payment for standard services INV-10414
INV-10415,1647.78,2026-03-01,Delta Freight,6050-Maintenance,alice.smith,frank.castle,AP_INVOICE,Payment for standard services INV-10415
INV-10416,1281.96,2026-03-22,Delta Freight,6050-Maintenance,emily.watson,frank.castle,AP_INVOICE,Payment for standard services INV-10416
INV-10417,3858.14,2026-03-19,Delta Freight,6040-Freight & Delivery,bob.jones,diana.prince,AP_INVOICE,Payment for standard services INV-10417
INV-10418,3821.78,2026-03-18,OfficeDepot Co,6010-Office Expense,charlie.brown,diana.prince,AP_INVOICE,Payment for standard services INV-10418
INV-10419,4059.17,2026-03-04,Metro Facilities,6040-Freight & Delivery,alice.smith,bruce.wayne,AP_INVOICE,Payment for standard services INV-10419
INV-10420,2860.42,2026-03-15,OfficeDepot Co,6050-Maintenance,alice.smith,bruce.wayne,AP_INVOICE,Payment for standard services INV-10420
INV-10421,5304.68,2026-03-15,TechSupplies Inc,6020-IT Cloud Infra,charlie.brown,diana.prince,AP_INVOICE,Payment for standard services INV-10421
INV-10422,4449.59,2026-03-07,TechSupplies Inc,6040-Freight & Delivery,alice.smith,diana.prince,AP_INVOICE,Payment for standard services INV-10422
INV-10423,3692.74,2026-03-20,OfficeDepot Co,6050-Maintenance,emily.watson,diana.prince,AP_INVOICE,Payment for standard services INV-10423
INV-10424,1108.5,2026-03-09,CloudScale Networks,6010-Office Expense,charlie.brown,bruce.wayne,AP_INVOICE,Payment for standard services INV-10424
INV-10425,1259.01,2026-03-22,OfficeDepot Co,6030-Consulting Fees,charlie.brown,bruce.wayne,AP_INVOICE,Payment for standard services INV-10425
INV-10426,1446.36,2026-03-05,Delta Freight,6010-Office Expense,charlie.brown,bruce.wayne,AP_INVOICE,Payment for standard services INV-10426
INV-10427,1216.06,2026-03-13,CloudScale Networks,6030-Consulting Fees,bob.jones,bruce.wayne,AP_INVOICE,Payment for standard services INV-10427
INV-10428,3193.88,2026-03-03,OfficeDepot Co,6040-Freight & Delivery,emily.watson,frank.castle,AP_INVOICE,Payment for standard services INV-10428
INV-10429,4853.67,2026-03-12,TechSupplies Inc,6040-Freight & Delivery,charlie.brown,bruce.wayne,AP_INVOICE,Payment for standard services INV-10429
INV-10430,2718.23,2026-03-15,Metro Facilities,6010-Office Expense,alice.smith,bruce.wayne,AP_INVOICE,Payment for standard services INV-10430
INV-10431,3942.81,2026-03-14,TechSupplies Inc,6050-Maintenance,emily.watson,diana.prince,AP_INVOICE,Payment for standard services INV-10431
INV-10432,3262.57,2026-03-19,OfficeDepot Co,6030-Consulting Fees,charlie.brown,bruce.wayne,AP_INVOICE,Payment for standard services INV-10432
INV-10433,4326.56,2026-03-21,OfficeDepot Co,6010-Office Expense,alice.smith,diana.prince,AP_INVOICE,Payment for standard services INV-10433
INV-10434,2992.7,2026-03-01,TechSupplies Inc,6020-IT Cloud Infra,emily.watson,frank.castle,AP_INVOICE,Payment for standard services INV-10434
INV-10435,4308.45,2026-03-03,CloudScale Networks,6030-Consulting Fees,bob.jones,frank.castle,AP_INVOICE,Payment for standard services INV-10435
INV-10436,1737.8,2026-03-21,OfficeDepot Co,6020-IT Cloud Infra,alice.smith,frank.castle,AP_INVOICE,Payment for standard services INV-10436
INV-10437,3664.27,2026-03-04,CloudScale Networks,6040-Freight & Delivery,alice.smith,bruce.wayne,AP_INVOICE,Payment for standard services INV-10437
INV-10438,2389.75,2026-03-22,CloudScale Networks,6050-Maintenance,bob.jones,bruce.wayne,AP_INVOICE,Payment for standard services INV-10438
INV-10439,315.24,2026-03-05,OfficeDepot Co,6010-Office Expense,emily.watson,bruce.wayne,AP_INVOICE,Payment for standard services INV-10439
INV-10440,1444.73,2026-03-12,TechSupplies Inc,6010-Office Expense,alice.smith,frank.castle,AP_INVOICE,Payment for standard services INV-10440
INV-10441,1652.12,2026-03-19,CloudScale Networks,6020-IT Cloud Infra,alice.smith,bruce.wayne,AP_INVOICE,Payment for standard services INV-10441
INV-10442,3257.43,2026-03-24,Delta Freight,6030-Consulting Fees,bob.jones,bruce.wayne,AP_INVOICE,Payment for standard services INV-10442
INV-10443,2138.29,2026-03-05,Delta Freight,6020-IT Cloud Infra,alice.smith,diana.prince,AP_INVOICE,Payment for standard services INV-10443
INV-10444,3580.23,2026-03-26,Delta Freight,6030-Consulting Fees,emily.watson,frank.castle,AP_INVOICE,Payment for standard services INV-10444
INV-10445,1459.85,2026-03-01,TechSupplies Inc,6020-IT Cloud Infra,charlie.brown,bruce.wayne,AP_INVOICE,Payment for standard services INV-10445
INV-10446,4142.87,2026-03-13,OfficeDepot Co,6020-IT Cloud Infra,bob.jones,bruce.wayne,AP_INVOICE,Payment for standard services INV-10446
INV-10447,439.95,2026-03-08,CloudScale Networks,6040-Freight & Delivery,emily.watson,diana.prince,AP_INVOICE,Payment for standard services INV-10447
INV-10448,3285.25,2026-03-05,Metro Facilities,6010-Office Expense,charlie.brown,frank.castle,AP_INVOICE,Payment for standard services INV-10448
INV-10449,4416.58,2026-03-25,Delta Freight,6030-Consulting Fees,bob.jones,frank.castle,AP_INVOICE,Payment for standard services INV-10449
INV-10450,2975.05,2026-03-02,TechSupplies Inc,6030-Consulting Fees,bob.jones,diana.prince,AP_INVOICE,Payment for standard services INV-10450
INV-10451,3332.25,2026-03-23,OfficeDepot Co,6050-Maintenance,emily.watson,frank.castle,AP_INVOICE,Payment for standard services INV-10451
INV-10452,3437.86,2026-03-03,Metro Facilities,6050-Maintenance,bob.jones,frank.castle,AP_INVOICE,Payment for standard services INV-10452
INV-10453,2728.33,2026-03-19,CloudScale Networks,6020-IT Cloud Infra,charlie.brown,frank.castle,AP_INVOICE,Payment for standard services INV-10453
INV-10454,4626.95,2026-03-28,TechSupplies Inc,6030-Consulting Fees,emily.watson,bruce.wayne,AP_INVOICE,Payment for standard services INV-10454
INV-10455,1352.64,2026-03-20,Delta Freight,6010-Office Expense,emily.watson,bruce.wayne,AP_INVOICE,Payment for standard services INV-10455
INV-10456,3359.21,2026-03-05,CloudScale Networks,6010-Office Expense,alice.smith,bruce.wayne,AP_INVOICE,Payment for standard services INV-10456
INV-10457,1371.57,2026-03-12,OfficeDepot Co,6050-Maintenance,charlie.brown,diana.prince,AP_INVOICE,Payment for standard services INV-10457
INV-10458,3968.89,2026-03-26,OfficeDepot Co,6010-Office Expense,alice.smith,frank.castle,AP_INVOICE,Payment for standard services INV-10458
INV-10459,2876.45,2026-03-15,OfficeDepot Co,6050-Maintenance,alice.smith,frank.castle,AP_INVOICE,Payment for standard services INV-10459
INV-10460,608.37,2026-03-09,Metro Facilities,6020-IT Cloud Infra,charlie.brown,diana.prince,AP_INVOICE,Payment for standard services INV-10460
INV-10461,5140.31,2026-03-28,TechSupplies Inc,6020-IT Cloud Infra,alice.smith,diana.prince,AP_INVOICE,Payment for standard services INV-10461
INV-10462,2124.58,2026-03-06,Delta Freight,6030-Consulting Fees,emily.watson,diana.prince,AP_INVOICE,Payment for standard services INV-10462
INV-10463,5493.04,2026-03-08,Metro Facilities,6040-Freight & Delivery,bob.jones,frank.castle,AP_INVOICE,Payment for standard services INV-10463
INV-10464,3846.47,2026-03-17,OfficeDepot Co,6010-Office Expense,charlie.brown,diana.prince,AP_INVOICE,Payment for standard services INV-10464
INV-10465,776.29,2026-03-03,CloudScale Networks,6050-Maintenance,alice.smith,frank.castle,AP_INVOICE,Payment for standard services INV-10465
INV-10466,5274.48,2026-03-15,OfficeDepot Co,6030-Consulting Fees,alice.smith,bruce.wayne,AP_INVOICE,Payment for standard services INV-10466
INV-10467,1014.95,2026-03-12,Metro Facilities,6030-Consulting Fees,bob.jones,frank.castle,AP_INVOICE,Payment for standard services INV-10467
INV-10468,2874.95,2026-03-01,CloudScale Networks,6050-Maintenance,bob.jones,diana.prince,AP_INVOICE,Payment for standard services INV-10468
INV-10469,1341.66,2026-03-01,Metro Facilities,6030-Consulting Fees,alice.smith,frank.castle,AP_INVOICE,Payment for standard services INV-10469
INV-10470,2527.81,2026-03-08,OfficeDepot Co,6010-Office Expense,bob.jones,bruce.wayne,AP_INVOICE,Payment for standard services INV-10470
INV-10471,5051.3,2026-03-08,CloudScale Networks,6030-Consulting Fees,alice.smith,diana.prince,AP_INVOICE,Payment for standard services INV-10471
INV-10472,3627.72,2026-03-04,OfficeDepot Co,6040-Freight & Delivery,alice.smith,bruce.wayne,AP_INVOICE,Payment for standard services INV-10472
INV-10473,3506.53,2026-03-22,Delta Freight,6010-Office Expense,alice.smith,frank.castle,AP_INVOICE,Payment for standard services INV-10473
INV-10474,2690.13,2026-03-27,OfficeDepot Co,6030-Consulting Fees,emily.watson,bruce.wayne,AP_INVOICE,Payment for standard services INV-10474
INV-10475,2195.32,2026-03-05,OfficeDepot Co,6020-IT Cloud Infra,alice.smith,diana.prince,AP_INVOICE,Payment for standard services INV-10475
INV-10476,3608.92,2026-03-15,CloudScale Networks,6010-Office Expense,bob.jones,frank.castle,AP_INVOICE,Payment for standard services INV-10476
INV-10477,782.09,2026-03-15,OfficeDepot Co,6020-IT Cloud Infra,emily.watson,frank.castle,AP_INVOICE,Payment for standard services INV-10477
INV-10478,746.92,2026-03-27,CloudScale Networks,6030-Consulting Fees,alice.smith,diana.prince,AP_INVOICE,Payment for standard services INV-10478
INV-10479,1624.0,2026-03-02,CloudScale Networks,6030-Consulting Fees,emily.watson,bruce.wayne,AP_INVOICE,Payment for standard services INV-10479
INV-10480,1817.03,2026-03-18,CloudScale Networks,6010-Office Expense,emily.watson,frank.castle,AP_INVOICE,Payment for standard services INV-10480
INV-10481,1877.15,2026-03-01,Delta Freight,6010-Office Expense,bob.jones,diana.prince,AP_INVOICE,Payment for standard services INV-10481
INV-10482,3935.63,2026-03-12,CloudScale Networks,6020-IT Cloud Infra,bob.jones,frank.castle,AP_INVOICE,Payment for standard services INV-10482
INV-10483,5210.17,2026-03-01,TechSupplies Inc,6050-Maintenance,charlie.brown,diana.prince,AP_INVOICE,Payment for standard services INV-10483
INV-10484,3635.78,2026-03-04,Delta Freight,6020-IT Cloud Infra,alice.smith,frank.castle,AP_INVOICE,Payment for standard services INV-10484
INV-10485,2330.0,2026-03-13,CloudScale Networks,6050-Maintenance,emily.watson,bruce.wayne,AP_INVOICE,Payment for standard services INV-10485
INV-10486,2228.26,2026-03-06,Delta Freight,6020-IT Cloud Infra,charlie.brown,diana.prince,AP_INVOICE,Payment for standard services INV-10486
INV-10487,2380.3,2026-03-10,CloudScale Networks,6010-Office Expense,bob.jones,bruce.wayne,AP_INVOICE,Payment for standard services INV-10487
INV-10488,4725.98,2026-03-13,Delta Freight,6010-Office Expense,alice.smith,frank.castle,AP_INVOICE,Payment for standard services INV-10488
INV-10489,1071.72,2026-03-26,Metro Facilities,6020-IT Cloud Infra,alice.smith,frank.castle,AP_INVOICE,Payment for standard services INV-10489
INV-10490,2965.93,2026-03-09,Delta Freight,6030-Consulting Fees,charlie.brown,frank.castle,AP_INVOICE,Payment for standard services INV-10490
INV-10491,1690.4,2026-03-26,CloudScale Networks,6010-Office Expense,charlie.brown,diana.prince,AP_INVOICE,Payment for standard services INV-10491
INV-10492,4798.99,2026-03-08,Metro Facilities,6020-IT Cloud Infra,bob.jones,diana.prince,AP_INVOICE,Payment for standard services INV-10492
INV-10493,1821.3,2026-03-27,TechSupplies Inc,6020-IT Cloud Infra,emily.watson,frank.castle,AP_INVOICE,Payment for standard services INV-10493
INV-10494,3024.51,2026-03-23,CloudScale Networks,6050-Maintenance,charlie.brown,bruce.wayne,AP_INVOICE,Payment for standard services INV-10494
INV-10495,3161.87,2026-03-07,OfficeDepot Co,6050-Maintenance,bob.jones,bruce.wayne,AP_INVOICE,Payment for standard services INV-10495
INV-10496,4869.37,2026-03-16,Delta Freight,6050-Maintenance,charlie.brown,diana.prince,AP_INVOICE,Payment for standard services INV-10496
INV-10497,307.69,2026-03-16,Metro Facilities,6020-IT Cloud Infra,alice.smith,bruce.wayne,AP_INVOICE,Payment for standard services INV-10497
INV-10498,4590.61,2026-03-06,CloudScale Networks,6020-IT Cloud Infra,charlie.brown,bruce.wayne,AP_INVOICE,Payment for standard services INV-10498
INV-10499,5352.75,2026-03-19,OfficeDepot Co,6010-Office Expense,alice.smith,diana.prince,AP_INVOICE,Payment for standard services INV-10499
INV-10500,1265.73,2026-03-12,TechSupplies Inc,6050-Maintenance,charlie.brown,diana.prince,AP_INVOICE,Payment for standard services INV-10500
INV-10501,3862.72,2026-03-11,Metro Facilities,6010-Office Expense,charlie.brown,frank.castle,AP_INVOICE,Payment for standard services INV-10501
INV-10502,861.96,2026-03-23,Delta Freight,6040-Freight & Delivery,charlie.brown,diana.prince,AP_INVOICE,Payment for standard services INV-10502
INV-10503,5030.35,2026-03-19,Metro Facilities,6030-Consulting Fees,bob.jones,bruce.wayne,AP_INVOICE,Payment for standard services INV-10503
INV-10504,2656.14,2026-03-01,OfficeDepot Co,6020-IT Cloud Infra,bob.jones,bruce.wayne,AP_INVOICE,Payment for standard services INV-10504
INV-10505,6081.31,2026-03-20,Delta Freight,6050-Maintenance,alice.smith,diana.prince,AP_INVOICE,Payment for standard services INV-10505
INV-10506,4218.32,2026-03-05,Metro Facilities,6020-IT Cloud Infra,alice.smith,frank.castle,AP_INVOICE,Payment for standard services INV-10506
INV-10507,579.26,2026-03-03,OfficeDepot Co,6030-Consulting Fees,bob.jones,bruce.wayne,AP_INVOICE,Payment for standard services INV-10507
INV-10508,4129.26,2026-03-07,OfficeDepot Co,6040-Freight & Delivery,alice.smith,frank.castle,AP_INVOICE,Payment for standard services INV-10508
INV-10509,477.48,2026-03-13,OfficeDepot Co,6010-Office Expense,alice.smith,diana.prince,AP_INVOICE,Payment for standard services INV-10509
INV-10510,2363.56,2026-03-12,CloudScale Networks,6040-Freight & Delivery,emily.watson,frank.castle,AP_INVOICE,Payment for standard services INV-10510
INV-10511,871.5,2026-03-15,Delta Freight,6050-Maintenance,bob.jones,diana.prince,AP_INVOICE,Payment for standard services INV-10511
INV-10512,4264.81,2026-03-04,OfficeDepot Co,6010-Office Expense,charlie.brown,frank.castle,AP_INVOICE,Payment for standard services INV-10512
INV-10513,893.52,2026-03-03,Delta Freight,6020-IT Cloud Infra,alice.smith,bruce.wayne,AP_INVOICE,Payment for standard services INV-10513
INV-10514,5112.11,2026-03-06,Delta Freight,6010-Office Expense,emily.watson,bruce.wayne,AP_INVOICE,Payment for standard services INV-10514
INV-10515,2597.3,2026-03-07,TechSupplies Inc,6010-Office Expense,charlie.brown,diana.prince,AP_INVOICE,Payment for standard services INV-10515
INV-10516,3011.91,2026-03-08,Metro Facilities,6030-Consulting Fees,charlie.brown,frank.castle,AP_INVOICE,Payment for standard services INV-10516
INV-10517,2015.96,2026-03-12,Metro Facilities,6040-Freight & Delivery,bob.jones,diana.prince,AP_INVOICE,Payment for standard services INV-10517
INV-10518,448.99,2026-03-01,Metro Facilities,6040-Freight & Delivery,bob.jones,diana.prince,AP_INVOICE,Payment for standard services INV-10518
INV-10519,3298.91,2026-03-26,TechSupplies Inc,6040-Freight & Delivery,alice.smith,frank.castle,AP_INVOICE,Payment for standard services INV-10519
INV-10520,2678.57,2026-03-12,OfficeDepot Co,6010-Office Expense,emily.watson,diana.prince,AP_INVOICE,Payment for standard services INV-10520
INV-10521,2828.52,2026-03-15,Delta Freight,6010-Office Expense,charlie.brown,frank.castle,AP_INVOICE,Payment for standard services INV-10521
INV-10522,4324.59,2026-03-22,Metro Facilities,6010-Office Expense,bob.jones,bruce.wayne,AP_INVOICE,Payment for standard services INV-10522
INV-10523,3389.79,2026-03-02,Metro Facilities,6040-Freight & Delivery,bob.jones,bruce.wayne,AP_INVOICE,Payment for standard services INV-10523
INV-10524,4920.75,2026-03-08,Delta Freight,6050-Maintenance,emily.watson,bruce.wayne,AP_INVOICE,Payment for standard services INV-10524
INV-10525,695.03,2026-03-25,TechSupplies Inc,6050-Maintenance,bob.jones,diana.prince,AP_INVOICE,Payment for standard services INV-10525
INV-10526,5014.06,2026-03-02,CloudScale Networks,6020-IT Cloud Infra,bob.jones,diana.prince,AP_INVOICE,Payment for standard services INV-10526
INV-10527,5189.27,2026-03-09,Delta Freight,6020-IT Cloud Infra,bob.jones,bruce.wayne,AP_INVOICE,Payment for standard services INV-10527
INV-10528,3811.63,2026-03-13,TechSupplies Inc,6010-Office Expense,emily.watson,bruce.wayne,AP_INVOICE,Payment for standard services INV-10528
INV-10529,4645.94,2026-03-20,Metro Facilities,6040-Freight & Delivery,alice.smith,bruce.wayne,AP_INVOICE,Payment for standard services INV-10529
INV-10530,4309.18,2026-03-19,TechSupplies Inc,6040-Freight & Delivery,bob.jones,diana.prince,AP_INVOICE,Payment for standard services INV-10530
INV-10531,4193.26,2026-03-28,TechSupplies Inc,6010-Office Expense,alice.smith,frank.castle,AP_INVOICE,Payment for standard services INV-10531
INV-10532,2071.09,2026-03-16,Delta Freight,6030-Consulting Fees,emily.watson,bruce.wayne,AP_INVOICE,Payment for standard services INV-10532
INV-10533,2752.41,2026-03-20,CloudScale Networks,6030-Consulting Fees,emily.watson,diana.prince,AP_INVOICE,Payment for standard services INV-10533
INV-10534,3893.54,2026-03-08,TechSupplies Inc,6040-Freight & Delivery,charlie.brown,bruce.wayne,AP_INVOICE,Payment for standard services INV-10534
INV-10535,2404.09,2026-03-27,OfficeDepot Co,6030-Consulting Fees,alice.smith,frank.castle,AP_INVOICE,Payment for standard services INV-10535
INV-10536,2271.82,2026-03-10,Delta Freight,6010-Office Expense,bob.jones,diana.prince,AP_INVOICE,Payment for standard services INV-10536
INV-10537,3867.28,2026-03-21,OfficeDepot Co,6030-Consulting Fees,emily.watson,bruce.wayne,AP_INVOICE,Payment for standard services INV-10537
INV-10538,2256.25,2026-03-17,Delta Freight,6040-Freight & Delivery,charlie.brown,diana.prince,AP_INVOICE,Payment for standard services INV-10538
INV-10539,1042.93,2026-03-19,Metro Facilities,6040-Freight & Delivery,bob.jones,bruce.wayne,AP_INVOICE,Payment for standard services INV-10539
INV-10540,985.11,2026-03-15,CloudScale Networks,6010-Office Expense,bob.jones,diana.prince,AP_INVOICE,Payment for standard services INV-10540
INV-10541,1831.62,2026-03-17,CloudScale Networks,6030-Consulting Fees,charlie.brown,frank.castle,AP_INVOICE,Payment for standard services INV-10541
INV-10542,4843.72,2026-03-20,TechSupplies Inc,6020-IT Cloud Infra,charlie.brown,frank.castle,AP_INVOICE,Payment for standard services INV-10542
INV-10543,5068.85,2026-03-06,Delta Freight,6050-Maintenance,charlie.brown,frank.castle,AP_INVOICE,Payment for standard services INV-10543
INV-10544,2118.82,2026-03-02,TechSupplies Inc,6030-Consulting Fees,alice.smith,frank.castle,AP_INVOICE,Payment for standard services INV-10544
INV-10545,2945.59,2026-03-07,CloudScale Networks,6020-IT Cloud Infra,bob.jones,bruce.wayne,AP_INVOICE,Payment for standard services INV-10545
INV-10546,2194.5,2026-03-21,TechSupplies Inc,6010-Office Expense,emily.watson,diana.prince,AP_INVOICE,Payment for standard services INV-10546
INV-10547,4091.9,2026-03-23,CloudScale Networks,6030-Consulting Fees,charlie.brown,bruce.wayne,AP_INVOICE,Payment for standard services INV-10547
INV-10548,2587.98,2026-03-07,Delta Freight,6030-Consulting Fees,emily.watson,frank.castle,AP_INVOICE,Payment for standard services INV-10548
INV-10549,3672.11,2026-03-17,Metro Facilities,6040-Freight & Delivery,alice.smith,diana.prince,AP_INVOICE,Payment for standard services INV-10549
INV-10550,8193.72,2026-03-22,OfficeDepot Co,6050-Maintenance,charlie.brown,frank.castle,AP_INVOICE,Payment for standard services INV-10550
INV-10551,380.03,2026-03-21,OfficeDepot Co,6030-Consulting Fees,charlie.brown,frank.castle,AP_INVOICE,Payment for standard services INV-10551
INV-10552,5021.69,2026-03-25,OfficeDepot Co,6020-IT Cloud Infra,bob.jones,bruce.wayne,AP_INVOICE,Payment for standard services INV-10552
INV-10553,416.98,2026-03-05,Metro Facilities,6040-Freight & Delivery,charlie.brown,bruce.wayne,AP_INVOICE,Payment for standard services INV-10553
INV-10554,3855.35,2026-03-13,OfficeDepot Co,6030-Consulting Fees,emily.watson,frank.castle,AP_INVOICE,Payment for standard services INV-10554
INV-10555,3519.85,2026-03-23,Metro Facilities,6020-IT Cloud Infra,charlie.brown,bruce.wayne,AP_INVOICE,Payment for standard services INV-10555
INV-10556,2791.0,2026-03-27,Delta Freight,6030-Consulting Fees,charlie.brown,diana.prince,AP_INVOICE,Payment for standard services INV-10556
INV-10557,3277.98,2026-03-24,OfficeDepot Co,6010-Office Expense,emily.watson,diana.prince,AP_INVOICE,Payment for standard services INV-10557
INV-10558,4178.31,2026-03-12,CloudScale Networks,6030-Consulting Fees,alice.smith,diana.prince,AP_INVOICE,Payment for standard services INV-10558
INV-10559,4472.18,2026-03-19,Delta Freight,6030-Consulting Fees,charlie.brown,frank.castle,AP_INVOICE,Payment for standard services INV-10559
INV-10560,4414.25,2026-03-07,Delta Freight,6010-Office Expense,alice.smith,frank.castle,AP_INVOICE,Payment for standard services INV-10560
INV-10561,4651.16,2026-03-02,Delta Freight,6050-Maintenance,charlie.brown,frank.castle,AP_INVOICE,Payment for standard services INV-10561
INV-10562,1683.43,2026-03-15,CloudScale Networks,6030-Consulting Fees,emily.watson,bruce.wayne,AP_INVOICE,Payment for standard services INV-10562
INV-10563,4382.91,2026-03-21,CloudScale Networks,6010-Office Expense,emily.watson,frank.castle,AP_INVOICE,Payment for standard services INV-10563
INV-10564,3515.92,2026-03-07,TechSupplies Inc,6010-Office Expense,emily.watson,frank.castle,AP_INVOICE,Payment for standard services INV-10564
INV-10565,1495.79,2026-03-20,CloudScale Networks,6040-Freight & Delivery,alice.smith,diana.prince,AP_INVOICE,Payment for standard services INV-10565
INV-10566,2408.65,2026-03-02,Delta Freight,6040-Freight & Delivery,emily.watson,diana.prince,AP_INVOICE,Payment for standard services INV-10566
INV-10567,3999.39,2026-03-22,TechSupplies Inc,6030-Consulting Fees,bob.jones,diana.prince,AP_INVOICE,Payment for standard services INV-10567
INV-10568,3672.54,2026-03-04,CloudScale Networks,6030-Consulting Fees,charlie.brown,diana.prince,AP_INVOICE,Payment for standard services INV-10568
INV-10569,3165.17,2026-03-10,CloudScale Networks,6010-Office Expense,alice.smith,frank.castle,AP_INVOICE,Payment for standard services INV-10569
INV-10570,2880.14,2026-03-05,Metro Facilities,6030-Consulting Fees,emily.watson,bruce.wayne,AP_INVOICE,Payment for standard services INV-10570
INV-10571,4696.75,2026-03-01,OfficeDepot Co,6020-IT Cloud Infra,bob.jones,frank.castle,AP_INVOICE,Payment for standard services INV-10571
INV-10572,3755.26,2026-03-17,CloudScale Networks,6020-IT Cloud Infra,alice.smith,bruce.wayne,AP_INVOICE,Payment for standard services INV-10572
INV-10573,1922.59,2026-03-20,TechSupplies Inc,6040-Freight & Delivery,charlie.brown,bruce.wayne,AP_INVOICE,Payment for standard services INV-10573
INV-10574,4995.87,2026-03-04,TechSupplies Inc,6010-Office Expense,alice.smith,bruce.wayne,AP_INVOICE,Payment for standard services INV-10574
INV-10575,2150.1,2026-03-05,Metro Facilities,6030-Consulting Fees,emily.watson,bruce.wayne,AP_INVOICE,Payment for standard services INV-10575
INV-10576,3535.36,2026-03-04,TechSupplies Inc,6030-Consulting Fees,emily.watson,bruce.wayne,AP_INVOICE,Payment for standard services INV-10576
INV-10577,1845.95,2026-03-17,Metro Facilities,6020-IT Cloud Infra,emily.watson,diana.prince,AP_INVOICE,Payment for standard services INV-10577
INV-10578,1168.35,2026-03-20,TechSupplies Inc,6010-Office Expense,emily.watson,diana.prince,AP_INVOICE,Payment for standard services INV-10578
INV-10579,1422.61,2026-03-14,Metro Facilities,6020-IT Cloud Infra,charlie.brown,bruce.wayne,AP_INVOICE,Payment for standard services INV-10579
INV-10580,364.16,2026-03-08,Delta Freight,6020-IT Cloud Infra,emily.watson,frank.castle,AP_INVOICE,Payment for standard services INV-10580
INV-10581,3362.68,2026-03-03,TechSupplies Inc,6050-Maintenance,emily.watson,diana.prince,AP_INVOICE,Payment for standard services INV-10581
INV-10582,1064.88,2026-03-10,TechSupplies Inc,6030-Consulting Fees,bob.jones,frank.castle,AP_INVOICE,Payment for standard services INV-10582
INV-10583,397.91,2026-03-26,CloudScale Networks,6010-Office Expense,charlie.brown,frank.castle,AP_INVOICE,Payment for standard services INV-10583
INV-10584,2643.94,2026-03-28,TechSupplies Inc,6010-Office Expense,alice.smith,diana.prince,AP_INVOICE,Payment for standard services INV-10584
INV-10585,3306.55,2026-03-09,OfficeDepot Co,6030-Consulting Fees,emily.watson,bruce.wayne,AP_INVOICE,Payment for standard services INV-10585
INV-10586,1422.26,2026-03-13,OfficeDepot Co,6020-IT Cloud Infra,alice.smith,frank.castle,AP_INVOICE,Payment for standard services INV-10586
INV-10587,2841.71,2026-03-26,Delta Freight,6040-Freight & Delivery,emily.watson,bruce.wayne,AP_INVOICE,Payment for standard services INV-10587
INV-10588,753.34,2026-03-19,TechSupplies Inc,6020-IT Cloud Infra,alice.smith,frank.castle,AP_INVOICE,Payment for standard services INV-10588
INV-10589,3145.62,2026-03-20,Delta Freight,6020-IT Cloud Infra,emily.watson,frank.castle,AP_INVOICE,Payment for standard services INV-10589
INV-10590,3438.63,2026-03-14,CloudScale Networks,6040-Freight & Delivery,emily.watson,diana.prince,AP_INVOICE,Payment for standard services INV-10590
INV-10591,587.52,2026-03-28,OfficeDepot Co,6010-Office Expense,bob.jones,bruce.wayne,AP_INVOICE,Payment for standard services INV-10591
INV-10592,2806.11,2026-03-24,Metro Facilities,6010-Office Expense,emily.watson,bruce.wayne,AP_INVOICE,Payment for standard services INV-10592
INV-10593,1863.89,2026-03-21,Delta Freight,6020-IT Cloud Infra,alice.smith,diana.prince,AP_INVOICE,Payment for standard services INV-10593
INV-10594,3758.47,2026-03-25,Delta Freight,6040-Freight & Delivery,bob.jones,diana.prince,AP_INVOICE,Payment for standard services INV-10594
INV-10595,1516.51,2026-03-21,OfficeDepot Co,6010-Office Expense,bob.jones,bruce.wayne,AP_INVOICE,Payment for standard services INV-10595
INV-10596,4301.47,2026-03-15,TechSupplies Inc,6040-Freight & Delivery,emily.watson,bruce.wayne,AP_INVOICE,Payment for standard services INV-10596
INV-10597,2538.76,2026-03-21,OfficeDepot Co,6010-Office Expense,emily.watson,bruce.wayne,AP_INVOICE,Payment for standard services INV-10597
INV-10598,2031.23,2026-03-26,TechSupplies Inc,6050-Maintenance,alice.smith,diana.prince,AP_INVOICE,Payment for standard services INV-10598
INV-10599,3516.22,2026-03-22,OfficeDepot Co,6050-Maintenance,bob.jones,bruce.wayne,AP_INVOICE,Payment for standard services INV-10599
INV-10600,1985.0,2026-03-18,TechSupplies Inc,6020-IT Cloud Infra,emily.watson,frank.castle,AP_INVOICE,Payment for standard services INV-10600
INV-10601,3660.08,2026-03-25,OfficeDepot Co,6040-Freight & Delivery,alice.smith,diana.prince,AP_INVOICE,Payment for standard services INV-10601
INV-10602,504.99,2026-03-04,OfficeDepot Co,6030-Consulting Fees,charlie.brown,bruce.wayne,AP_INVOICE,Payment for standard services INV-10602
INV-10603,850.22,2026-03-20,CloudScale Networks,6040-Freight & Delivery,alice.smith,frank.castle,AP_INVOICE,Payment for standard services INV-10603
INV-10604,710.65,2026-03-23,Delta Freight,6020-IT Cloud Infra,emily.watson,diana.prince,AP_INVOICE,Payment for standard services INV-10604
INV-10605,3973.75,2026-03-15,TechSupplies Inc,6050-Maintenance,alice.smith,frank.castle,AP_INVOICE,Payment for standard services INV-10605
INV-10606,5264.82,2026-03-24,CloudScale Networks,6040-Freight & Delivery,alice.smith,bruce.wayne,AP_INVOICE,Payment for standard services INV-10606
INV-10607,4699.59,2026-03-19,Metro Facilities,6040-Freight & Delivery,bob.jones,bruce.wayne,AP_INVOICE,Payment for standard services INV-10607
INV-10608,4163.9,2026-03-13,TechSupplies Inc,6040-Freight & Delivery,charlie.brown,bruce.wayne,AP_INVOICE,Payment for standard services INV-10608
INV-10609,3292.97,2026-03-10,CloudScale Networks,6030-Consulting Fees,emily.watson,frank.castle,AP_INVOICE,Payment for standard services INV-10609
INV-10610,946.89,2026-03-18,Delta Freight,6050-Maintenance,charlie.brown,bruce.wayne,AP_INVOICE,Payment for standard services INV-10610
INV-10611,4449.28,2026-03-20,Metro Facilities,6020-IT Cloud Infra,bob.jones,diana.prince,AP_INVOICE,Payment for standard services INV-10611
INV-10612,4000.09,2026-03-04,CloudScale Networks,6020-IT Cloud Infra,charlie.brown,bruce.wayne,AP_INVOICE,Payment for standard services INV-10612
INV-10613,3459.44,2026-03-24,Metro Facilities,6050-Maintenance,emily.watson,bruce.wayne,AP_INVOICE,Payment for standard services INV-10613
INV-10614,3683.55,2026-03-13,Delta Freight,6010-Office Expense,alice.smith,diana.prince,AP_INVOICE,Payment for standard services INV-10614
INV-10615,3425.23,2026-03-22,CloudScale Networks,6030-Consulting Fees,bob.jones,frank.castle,AP_INVOICE,Payment for standard services INV-10615
INV-10616,4328.31,2026-03-27,OfficeDepot Co,6020-IT Cloud Infra,alice.smith,frank.castle,AP_INVOICE,Payment for standard services INV-10616
INV-10617,3355.54,2026-03-17,Metro Facilities,6020-IT Cloud Infra,emily.watson,diana.prince,AP_INVOICE,Payment for standard services INV-10617
INV-10618,4686.38,2026-03-14,OfficeDepot Co,6010-Office Expense,emily.watson,frank.castle,AP_INVOICE,Payment for standard services INV-10618
INV-10619,6292.2,2026-03-24,OfficeDepot Co,6050-Maintenance,alice.smith,diana.prince,AP_INVOICE,Payment for standard services INV-10619
INV-10620,3236.87,2026-03-18,Delta Freight,6020-IT Cloud Infra,charlie.brown,bruce.wayne,AP_INVOICE,Payment for standard services INV-10620
INV-10621,1593.89,2026-03-22,CloudScale Networks,6030-Consulting Fees,emily.watson,diana.prince,AP_INVOICE,Payment for standard services INV-10621
INV-10622,4847.58,2026-03-14,Metro Facilities,6010-Office Expense,emily.watson,diana.prince,AP_INVOICE,Payment for standard services INV-10622
INV-10623,1475.83,2026-03-11,CloudScale Networks,6050-Maintenance,charlie.brown,diana.prince,AP_INVOICE,Payment for standard services INV-10623
INV-10624,4970.69,2026-03-02,TechSupplies Inc,6020-IT Cloud Infra,charlie.brown,bruce.wayne,AP_INVOICE,Payment for standard services INV-10624
INV-10625,3799.15,2026-03-26,OfficeDepot Co,6040-Freight & Delivery,charlie.brown,diana.prince,AP_INVOICE,Payment for standard services INV-10625
INV-10626,3185.18,2026-03-06,CloudScale Networks,6050-Maintenance,alice.smith,bruce.wayne,AP_INVOICE,Payment for standard services INV-10626
INV-10627,2931.79,2026-03-22,TechSupplies Inc,6030-Consulting Fees,bob.jones,diana.prince,AP_INVOICE,Payment for standard services INV-10627
INV-10628,1991.86,2026-03-27,CloudScale Networks,6050-Maintenance,emily.watson,bruce.wayne,AP_INVOICE,Payment for standard services INV-10628
INV-10629,3877.7,2026-03-21,TechSupplies Inc,6030-Consulting Fees,emily.watson,diana.prince,AP_INVOICE,Payment for standard services INV-10629
INV-10630,3537.46,2026-03-13,TechSupplies Inc,6030-Consulting Fees,emily.watson,diana.prince,AP_INVOICE,Payment for standard services INV-10630
INV-10631,3756.07,2026-03-26,TechSupplies Inc,6050-Maintenance,charlie.brown,bruce.wayne,AP_INVOICE,Payment for standard services INV-10631
INV-10632,2759.0,2026-03-03,OfficeDepot Co,6020-IT Cloud Infra,charlie.brown,bruce.wayne,AP_INVOICE,Payment for standard services INV-10632
INV-10633,2177.57,2026-03-03,Metro Facilities,6050-Maintenance,alice.smith,bruce.wayne,AP_INVOICE,Payment for standard services INV-10633
INV-10634,3257.8,2026-03-18,CloudScale Networks,6040-Freight & Delivery,alice.smith,diana.prince,AP_INVOICE,Payment for standard services INV-10634
INV-10635,5188.48,2026-03-15,Delta Freight,6010-Office Expense,bob.jones,diana.prince,AP_INVOICE,Payment for standard services INV-10635
INV-10636,766.88,2026-03-18,TechSupplies Inc,6010-Office Expense,bob.jones,frank.castle,AP_INVOICE,Payment for standard services INV-10636
INV-10637,4142.75,2026-03-21,OfficeDepot Co,6040-Freight & Delivery,emily.watson,frank.castle,AP_INVOICE,Payment for standard services INV-10637
INV-10638,1822.08,2026-03-24,Delta Freight,6010-Office Expense,alice.smith,bruce.wayne,AP_INVOICE,Payment for standard services INV-10638
INV-10639,4215.71,2026-03-17,Metro Facilities,6010-Office Expense,alice.smith,frank.castle,AP_INVOICE,Payment for standard services INV-10639
INV-10640,3987.08,2026-03-25,OfficeDepot Co,6050-Maintenance,alice.smith,frank.castle,AP_INVOICE,Payment for standard services INV-10640
INV-10641,3089.14,2026-03-08,TechSupplies Inc,6040-Freight & Delivery,bob.jones,bruce.wayne,AP_INVOICE,Payment for standard services INV-10641
INV-10642,2027.03,2026-03-22,Metro Facilities,6030-Consulting Fees,bob.jones,frank.castle,AP_INVOICE,Payment for standard services INV-10642
INV-10643,5808.25,2026-03-02,OfficeDepot Co,6010-Office Expense,bob.jones,diana.prince,AP_INVOICE,Payment for standard services INV-10643
INV-10644,2989.58,2026-03-07,Metro Facilities,6050-Maintenance,alice.smith,frank.castle,AP_INVOICE,Payment for standard services INV-10644
INV-10645,5139.47,2026-03-28,OfficeDepot Co,6020-IT Cloud Infra,emily.watson,bruce.wayne,AP_INVOICE,Payment for standard services INV-10645
INV-10646,1136.52,2026-03-04,CloudScale Networks,6050-Maintenance,charlie.brown,diana.prince,AP_INVOICE,Payment for standard services INV-10646
INV-10647,4090.35,2026-03-18,TechSupplies Inc,6050-Maintenance,emily.watson,bruce.wayne,AP_INVOICE,Payment for standard services INV-10647
INV-10648,3395.89,2026-03-19,OfficeDepot Co,6010-Office Expense,bob.jones,bruce.wayne,AP_INVOICE,Payment for standard services INV-10648
INV-10649,1961.48,2026-03-20,CloudScale Networks,6020-IT Cloud Infra,alice.smith,frank.castle,AP_INVOICE,Payment for standard services INV-10649
INV-10650,1008.12,2026-03-22,Delta Freight,6040-Freight & Delivery,charlie.brown,bruce.wayne,AP_INVOICE,Payment for standard services INV-10650
INV-10651,3089.18,2026-03-14,Metro Facilities,6050-Maintenance,charlie.brown,frank.castle,AP_INVOICE,Payment for standard services INV-10651
INV-10652,1656.05,2026-03-05,CloudScale Networks,6040-Freight & Delivery,charlie.brown,frank.castle,AP_INVOICE,Payment for standard services INV-10652
INV-10653,2176.65,2026-03-25,Delta Freight,6040-Freight & Delivery,emily.watson,frank.castle,AP_INVOICE,Payment for standard services INV-10653
INV-10654,2926.88,2026-03-28,CloudScale Networks,6050-Maintenance,alice.smith,frank.castle,AP_INVOICE,Payment for standard services INV-10654
INV-10655,5245.64,2026-03-03,CloudScale Networks,6030-Consulting Fees,alice.smith,bruce.wayne,AP_INVOICE,Payment for standard services INV-10655
INV-10656,5251.41,2026-03-07,TechSupplies Inc,6050-Maintenance,emily.watson,bruce.wayne,AP_INVOICE,Payment for standard services INV-10656
INV-10657,3827.92,2026-03-25,Metro Facilities,6050-Maintenance,emily.watson,bruce.wayne,AP_INVOICE,Payment for standard services INV-10657
INV-10658,2040.98,2026-03-17,Metro Facilities,6030-Consulting Fees,bob.jones,frank.castle,AP_INVOICE,Payment for standard services INV-10658
INV-10659,2311.34,2026-03-22,Metro Facilities,6010-Office Expense,bob.jones,bruce.wayne,AP_INVOICE,Payment for standard services INV-10659
INV-10660,2657.14,2026-03-19,Delta Freight,6020-IT Cloud Infra,bob.jones,bruce.wayne,AP_INVOICE,Payment for standard services INV-10660
INV-10661,5323.69,2026-03-25,Delta Freight,6030-Consulting Fees,alice.smith,diana.prince,AP_INVOICE,Payment for standard services INV-10661
INV-10662,624.61,2026-03-07,OfficeDepot Co,6020-IT Cloud Infra,alice.smith,bruce.wayne,AP_INVOICE,Payment for standard services INV-10662
INV-10663,4287.7,2026-03-02,Delta Freight,6040-Freight & Delivery,emily.watson,diana.prince,AP_INVOICE,Payment for standard services INV-10663
INV-10664,3400.99,2026-03-18,Metro Facilities,6030-Consulting Fees,charlie.brown,bruce.wayne,AP_INVOICE,Payment for standard services INV-10664
INV-10665,2269.49,2026-03-09,Delta Freight,6030-Consulting Fees,alice.smith,bruce.wayne,AP_INVOICE,Payment for standard services INV-10665
INV-10666,4749.6,2026-03-16,Metro Facilities,6040-Freight & Delivery,charlie.brown,frank.castle,AP_INVOICE,Payment for standard services INV-10666
INV-10667,5145.01,2026-03-06,TechSupplies Inc,6050-Maintenance,bob.jones,frank.castle,AP_INVOICE,Payment for standard services INV-10667
INV-10668,2695.17,2026-03-06,OfficeDepot Co,6020-IT Cloud Infra,bob.jones,diana.prince,AP_INVOICE,Payment for standard services INV-10668
INV-10669,3791.74,2026-03-24,TechSupplies Inc,6020-IT Cloud Infra,emily.watson,frank.castle,AP_INVOICE,Payment for standard services INV-10669
INV-10670,3433.53,2026-03-27,Delta Freight,6020-IT Cloud Infra,bob.jones,bruce.wayne,AP_INVOICE,Payment for standard services INV-10670
INV-10671,1464.04,2026-03-21,CloudScale Networks,6050-Maintenance,bob.jones,diana.prince,AP_INVOICE,Payment for standard services INV-10671
INV-10672,4778.52,2026-03-06,CloudScale Networks,6010-Office Expense,bob.jones,frank.castle,AP_INVOICE,Payment for standard services INV-10672
INV-10673,2360.37,2026-03-07,Metro Facilities,6010-Office Expense,charlie.brown,diana.prince,AP_INVOICE,Payment for standard services INV-10673
INV-10674,5232.33,2026-03-20,Delta Freight,6020-IT Cloud Infra,bob.jones,frank.castle,AP_INVOICE,Payment for standard services INV-10674
INV-10675,2986.7,2026-03-24,CloudScale Networks,6050-Maintenance,charlie.brown,diana.prince,AP_INVOICE,Payment for standard services INV-10675
INV-10676,5133.21,2026-03-13,Metro Facilities,6050-Maintenance,alice.smith,diana.prince,AP_INVOICE,Payment for standard services INV-10676
INV-10677,770.86,2026-03-20,CloudScale Networks,6050-Maintenance,emily.watson,diana.prince,AP_INVOICE,Payment for standard services INV-10677
INV-10678,2430.15,2026-03-17,Metro Facilities,6050-Maintenance,alice.smith,bruce.wayne,AP_INVOICE,Payment for standard services INV-10678
INV-10679,1103.16,2026-03-21,CloudScale Networks,6050-Maintenance,alice.smith,bruce.wayne,AP_INVOICE,Payment for standard services INV-10679
INV-10680,2363.35,2026-03-26,TechSupplies Inc,6050-Maintenance,emily.watson,diana.prince,AP_INVOICE,Payment for standard services INV-10680
INV-10681,4141.78,2026-03-05,OfficeDepot Co,6050-Maintenance,alice.smith,frank.castle,AP_INVOICE,Payment for standard services INV-10681
INV-10682,3963.81,2026-03-07,TechSupplies Inc,6030-Consulting Fees,emily.watson,frank.castle,AP_INVOICE,Payment for standard services INV-10682
INV-10683,3723.26,2026-03-01,TechSupplies Inc,6050-Maintenance,alice.smith,bruce.wayne,AP_INVOICE,Payment for standard services INV-10683
INV-10684,1246.56,2026-03-05,OfficeDepot Co,6040-Freight & Delivery,charlie.brown,diana.prince,AP_INVOICE,Payment for standard services INV-10684
INV-10685,3180.86,2026-03-12,OfficeDepot Co,6050-Maintenance,emily.watson,bruce.wayne,AP_INVOICE,Payment for standard services INV-10685
INV-10686,5384.97,2026-03-26,Delta Freight,6020-IT Cloud Infra,emily.watson,bruce.wayne,AP_INVOICE,Payment for standard services INV-10686
INV-10687,1268.77,2026-03-10,Metro Facilities,6050-Maintenance,emily.watson,frank.castle,AP_INVOICE,Payment for standard services INV-10687
INV-10688,4261.1,2026-03-08,Delta Freight,6020-IT Cloud Infra,alice.smith,bruce.wayne,AP_INVOICE,Payment for standard services INV-10688
INV-10689,3765.81,2026-03-13,CloudScale Networks,6010-Office Expense,bob.jones,bruce.wayne,AP_INVOICE,Payment for standard services INV-10689
INV-10690,4700.23,2026-03-21,Metro Facilities,6010-Office Expense,bob.jones,frank.castle,AP_INVOICE,Payment for standard services INV-10690
INV-10691,466.92,2026-03-03,CloudScale Networks,6040-Freight & Delivery,emily.watson,diana.prince,AP_INVOICE,Payment for standard services INV-10691
INV-10692,1997.85,2026-03-20,Metro Facilities,6010-Office Expense,emily.watson,frank.castle,AP_INVOICE,Payment for standard services INV-10692
INV-10693,1919.91,2026-03-16,Metro Facilities,6010-Office Expense,bob.jones,bruce.wayne,AP_INVOICE,Payment for standard services INV-10693
INV-10694,1276.61,2026-03-26,Metro Facilities,6030-Consulting Fees,bob.jones,diana.prince,AP_INVOICE,Payment for standard services INV-10694
INV-10695,2995.7,2026-03-02,CloudScale Networks,6050-Maintenance,bob.jones,bruce.wayne,AP_INVOICE,Payment for standard services INV-10695
INV-10696,3479.19,2026-03-12,CloudScale Networks,6010-Office Expense,charlie.brown,frank.castle,AP_INVOICE,Payment for standard services INV-10696
INV-10697,2531.64,2026-03-23,CloudScale Networks,6050-Maintenance,alice.smith,bruce.wayne,AP_INVOICE,Payment for standard services INV-10697
INV-10698,491.92,2026-03-27,OfficeDepot Co,6050-Maintenance,charlie.brown,frank.castle,AP_INVOICE,Payment for standard services INV-10698
INV-10699,3181.4,2026-03-01,CloudScale Networks,6040-Freight & Delivery,emily.watson,bruce.wayne,AP_INVOICE,Payment for standard services INV-10699
INV-10700,2177.77,2026-03-10,TechSupplies Inc,6050-Maintenance,alice.smith,bruce.wayne,AP_INVOICE,Payment for standard services INV-10700
INV-10701,780.83,2026-03-15,Metro Facilities,6030-Consulting Fees,charlie.brown,bruce.wayne,AP_INVOICE,Payment for standard services INV-10701
INV-10702,4342.57,2026-03-15,CloudScale Networks,6030-Consulting Fees,emily.watson,bruce.wayne,AP_INVOICE,Payment for standard services INV-10702
INV-10703,5332.28,2026-03-13,Delta Freight,6010-Office Expense,charlie.brown,diana.prince,AP_INVOICE,Payment for standard services INV-10703
INV-10704,5422.94,2026-03-17,CloudScale Networks,6030-Consulting Fees,emily.watson,frank.castle,AP_INVOICE,Payment for standard services INV-10704
INV-10705,3852.29,2026-03-13,OfficeDepot Co,6020-IT Cloud Infra,charlie.brown,diana.prince,AP_INVOICE,Payment for standard services INV-10705
INV-10706,4611.13,2026-03-11,TechSupplies Inc,6050-Maintenance,bob.jones,frank.castle,AP_INVOICE,Payment for standard services INV-10706
INV-10707,4668.95,2026-03-24,OfficeDepot Co,6020-IT Cloud Infra,bob.jones,frank.castle,AP_INVOICE,Payment for standard services INV-10707
INV-10708,3780.02,2026-03-27,OfficeDepot Co,6020-IT Cloud Infra,bob.jones,diana.prince,AP_INVOICE,Payment for standard services INV-10708
INV-10709,3226.07,2026-03-22,CloudScale Networks,6010-Office Expense,alice.smith,diana.prince,AP_INVOICE,Payment for standard services INV-10709
INV-10710,3871.75,2026-03-12,TechSupplies Inc,6050-Maintenance,alice.smith,frank.castle,AP_INVOICE,Payment for standard services INV-10710
INV-10711,2902.98,2026-03-25,Metro Facilities,6030-Consulting Fees,emily.watson,diana.prince,AP_INVOICE,Payment for standard services INV-10711
INV-10712,2523.19,2026-03-17,CloudScale Networks,6050-Maintenance,bob.jones,diana.prince,AP_INVOICE,Payment for standard services INV-10712
INV-10713,3119.42,2026-03-28,Metro Facilities,6010-Office Expense,charlie.brown,frank.castle,AP_INVOICE,Payment for standard services INV-10713
INV-10714,1404.0,2026-03-23,TechSupplies Inc,6050-Maintenance,emily.watson,frank.castle,AP_INVOICE,Payment for standard services INV-10714
INV-10715,3377.58,2026-03-12,Delta Freight,6050-Maintenance,alice.smith,frank.castle,AP_INVOICE,Payment for standard services INV-10715
INV-10716,1732.85,2026-03-16,Metro Facilities,6030-Consulting Fees,bob.jones,frank.castle,AP_INVOICE,Payment for standard services INV-10716
INV-10717,3154.27,2026-03-14,CloudScale Networks,6040-Freight & Delivery,emily.watson,diana.prince,AP_INVOICE,Payment for standard services INV-10717
INV-10718,2410.68,2026-03-19,Delta Freight,6030-Consulting Fees,emily.watson,diana.prince,AP_INVOICE,Payment for standard services INV-10718
INV-10719,2946.96,2026-03-18,CloudScale Networks,6010-Office Expense,charlie.brown,diana.prince,AP_INVOICE,Payment for standard services INV-10719
INV-10720,2165.32,2026-03-06,CloudScale Networks,6020-IT Cloud Infra,emily.watson,diana.prince,AP_INVOICE,Payment for standard services INV-10720
INV-10721,927.32,2026-03-10,Metro Facilities,6050-Maintenance,charlie.brown,frank.castle,AP_INVOICE,Payment for standard services INV-10721
INV-10722,4423.97,2026-03-06,TechSupplies Inc,6040-Freight & Delivery,alice.smith,bruce.wayne,AP_INVOICE,Payment for standard services INV-10722
INV-10723,4098.81,2026-03-11,Delta Freight,6010-Office Expense,emily.watson,bruce.wayne,AP_INVOICE,Payment for standard services INV-10723
INV-10724,1943.29,2026-03-14,Metro Facilities,6030-Consulting Fees,charlie.brown,diana.prince,AP_INVOICE,Payment for standard services INV-10724
INV-10725,4396.33,2026-03-12,Metro Facilities,6020-IT Cloud Infra,bob.jones,frank.castle,AP_INVOICE,Payment for standard services INV-10725
INV-10726,2734.05,2026-03-10,Delta Freight,6010-Office Expense,emily.watson,bruce.wayne,AP_INVOICE,Payment for standard services INV-10726
INV-10727,5063.83,2026-03-20,CloudScale Networks,6030-Consulting Fees,emily.watson,bruce.wayne,AP_INVOICE,Payment for standard services INV-10727
INV-10728,4627.52,2026-03-08,TechSupplies Inc,6010-Office Expense,bob.jones,frank.castle,AP_INVOICE,Payment for standard services INV-10728
INV-10729,3437.79,2026-03-15,OfficeDepot Co,6050-Maintenance,emily.watson,frank.castle,AP_INVOICE,Payment for standard services INV-10729
INV-10730,5377.82,2026-03-06,Metro Facilities,6050-Maintenance,emily.watson,frank.castle,AP_INVOICE,Payment for standard services INV-10730
INV-10731,216.72,2026-03-06,CloudScale Networks,6030-Consulting Fees,alice.smith,diana.prince,AP_INVOICE,Payment for standard services INV-10731
INV-10732,714.47,2026-03-25,Delta Freight,6050-Maintenance,alice.smith,diana.prince,AP_INVOICE,Payment for standard services INV-10732
INV-10733,4054.97,2026-03-05,TechSupplies Inc,6010-Office Expense,charlie.brown,bruce.wayne,AP_INVOICE,Payment for standard services INV-10733
INV-10734,4698.27,2026-03-24,Delta Freight,6030-Consulting Fees,bob.jones,diana.prince,AP_INVOICE,Payment for standard services INV-10734
INV-10735,3286.58,2026-03-02,CloudScale Networks,6050-Maintenance,bob.jones,diana.prince,AP_INVOICE,Payment for standard services INV-10735
INV-10736,4793.43,2026-03-09,OfficeDepot Co,6040-Freight & Delivery,emily.watson,bruce.wayne,AP_INVOICE,Payment for standard services INV-10736
INV-10737,1042.1,2026-03-24,Metro Facilities,6020-IT Cloud Infra,emily.watson,bruce.wayne,AP_INVOICE,Payment for standard services INV-10737
INV-10738,3278.87,2026-03-16,Metro Facilities,6050-Maintenance,charlie.brown,frank.castle,AP_INVOICE,Payment for standard services INV-10738
INV-10739,4374.61,2026-03-09,Delta Freight,6030-Consulting Fees,charlie.brown,frank.castle,AP_INVOICE,Payment for standard services INV-10739
INV-10740,138.84,2026-03-16,Metro Facilities,6020-IT Cloud Infra,charlie.brown,frank.castle,AP_INVOICE,Payment for standard services INV-10740
INV-10741,3786.64,2026-03-25,Delta Freight,6040-Freight & Delivery,charlie.brown,diana.prince,AP_INVOICE,Payment for standard services INV-10741
INV-10742,1724.98,2026-03-14,CloudScale Networks,6010-Office Expense,charlie.brown,diana.prince,AP_INVOICE,Payment for standard services INV-10742
INV-10743,3153.46,2026-03-08,CloudScale Networks,6020-IT Cloud Infra,emily.watson,frank.castle,AP_INVOICE,Payment for standard services INV-10743
INV-10744,2254.29,2026-03-21,CloudScale Networks,6050-Maintenance,charlie.brown,frank.castle,AP_INVOICE,Payment for standard services INV-10744
INV-10745,4657.23,2026-03-05,Delta Freight,6020-IT Cloud Infra,alice.smith,diana.prince,AP_INVOICE,Payment for standard services INV-10745
INV-10746,3341.96,2026-03-20,Metro Facilities,6040-Freight & Delivery,charlie.brown,bruce.wayne,AP_INVOICE,Payment for standard services INV-10746
INV-10747,1914.78,2026-03-04,CloudScale Networks,6010-Office Expense,alice.smith,diana.prince,AP_INVOICE,Payment for standard services INV-10747
INV-10748,783.1,2026-03-05,Delta Freight,6010-Office Expense,bob.jones,diana.prince,AP_INVOICE,Payment for standard services INV-10748
INV-10749,1100.44,2026-03-15,Delta Freight,6030-Consulting Fees,emily.watson,frank.castle,AP_INVOICE,Payment for standard services INV-10749
INV-10750,705.58,2026-03-25,TechSupplies Inc,6020-IT Cloud Infra,alice.smith,frank.castle,AP_INVOICE,Payment for standard services INV-10750
INV-10751,2944.75,2026-03-27,CloudScale Networks,6020-IT Cloud Infra,charlie.brown,frank.castle,AP_INVOICE,Payment for standard services INV-10751
INV-10752,4878.96,2026-03-24,CloudScale Networks,6040-Freight & Delivery,emily.watson,diana.prince,AP_INVOICE,Payment for standard services INV-10752
INV-10753,3348.17,2026-03-13,TechSupplies Inc,6050-Maintenance,bob.jones,frank.castle,AP_INVOICE,Payment for standard services INV-10753
INV-10754,2082.2,2026-03-18,OfficeDepot Co,6020-IT Cloud Infra,alice.smith,bruce.wayne,AP_INVOICE,Payment for standard services INV-10754
INV-10755,1605.19,2026-03-28,OfficeDepot Co,6020-IT Cloud Infra,charlie.brown,diana.prince,AP_INVOICE,Payment for standard services INV-10755
INV-10756,5361.05,2026-03-06,CloudScale Networks,6040-Freight & Delivery,charlie.brown,diana.prince,AP_INVOICE,Payment for standard services INV-10756
INV-10757,3639.44,2026-03-19,Delta Freight,6020-IT Cloud Infra,alice.smith,diana.prince,AP_INVOICE,Payment for standard services INV-10757
INV-10758,3070.12,2026-03-08,Metro Facilities,6020-IT Cloud Infra,charlie.brown,diana.prince,AP_INVOICE,Payment for standard services INV-10758
INV-10759,543.32,2026-03-12,Metro Facilities,6030-Consulting Fees,alice.smith,diana.prince,AP_INVOICE,Payment for standard services INV-10759
INV-10760,3975.13,2026-03-11,TechSupplies Inc,6020-IT Cloud Infra,emily.watson,diana.prince,AP_INVOICE,Payment for standard services INV-10760
INV-10761,5744.71,2026-03-23,OfficeDepot Co,6040-Freight & Delivery,bob.jones,diana.prince,AP_INVOICE,Payment for standard services INV-10761
INV-10762,3838.25,2026-03-15,OfficeDepot Co,6010-Office Expense,emily.watson,bruce.wayne,AP_INVOICE,Payment for standard services INV-10762
INV-10763,3086.69,2026-03-12,Delta Freight,6020-IT Cloud Infra,bob.jones,bruce.wayne,AP_INVOICE,Payment for standard services INV-10763
INV-10764,2523.28,2026-03-17,Metro Facilities,6050-Maintenance,bob.jones,diana.prince,AP_INVOICE,Payment for standard services INV-10764
INV-10765,1561.21,2026-03-01,OfficeDepot Co,6050-Maintenance,charlie.brown,frank.castle,AP_INVOICE,Payment for standard services INV-10765
INV-10766,3207.81,2026-03-08,CloudScale Networks,6010-Office Expense,charlie.brown,bruce.wayne,AP_INVOICE,Payment for standard services INV-10766
INV-10767,500.08,2026-03-22,Metro Facilities,6040-Freight & Delivery,bob.jones,bruce.wayne,AP_INVOICE,Payment for standard services INV-10767
INV-10768,3071.54,2026-03-21,Metro Facilities,6030-Consulting Fees,charlie.brown,frank.castle,AP_INVOICE,Payment for standard services INV-10768
INV-10769,665.21,2026-03-28,TechSupplies Inc,6010-Office Expense,bob.jones,diana.prince,AP_INVOICE,Payment for standard services INV-10769
INV-10770,558.5,2026-03-21,CloudScale Networks,6010-Office Expense,alice.smith,bruce.wayne,AP_INVOICE,Payment for standard services INV-10770
INV-10771,4107.4,2026-03-12,Metro Facilities,6050-Maintenance,charlie.brown,diana.prince,AP_INVOICE,Payment for standard services INV-10771
INV-10772,3704.27,2026-03-15,TechSupplies Inc,6020-IT Cloud Infra,emily.watson,diana.prince,AP_INVOICE,Payment for standard services INV-10772
INV-10773,1039.44,2026-03-02,Metro Facilities,6040-Freight & Delivery,charlie.brown,bruce.wayne,AP_INVOICE,Payment for standard services INV-10773
INV-10774,2117.28,2026-03-07,TechSupplies Inc,6010-Office Expense,charlie.brown,diana.prince,AP_INVOICE,Payment for standard services INV-10774
INV-10775,1949.77,2026-03-07,CloudScale Networks,6050-Maintenance,emily.watson,diana.prince,AP_INVOICE,Payment for standard services INV-10775
INV-10776,1587.46,2026-03-04,CloudScale Networks,6050-Maintenance,emily.watson,bruce.wayne,AP_INVOICE,Payment for standard services INV-10776
INV-10777,3541.19,2026-03-26,Delta Freight,6040-Freight & Delivery,alice.smith,diana.prince,AP_INVOICE,Payment for standard services INV-10777
INV-10778,2103.29,2026-03-11,OfficeDepot Co,6020-IT Cloud Infra,emily.watson,frank.castle,AP_INVOICE,Payment for standard services INV-10778
INV-10779,5343.69,2026-03-11,OfficeDepot Co,6040-Freight & Delivery,emily.watson,bruce.wayne,AP_INVOICE,Payment for standard services INV-10779
INV-10780,3241.99,2026-03-15,CloudScale Networks,6040-Freight & Delivery,charlie.brown,frank.castle,AP_INVOICE,Payment for standard services INV-10780
INV-10781,2258.47,2026-03-05,TechSupplies Inc,6030-Consulting Fees,alice.smith,bruce.wayne,AP_INVOICE,Payment for standard services INV-10781
INV-10782,3776.32,2026-03-01,OfficeDepot Co,6020-IT Cloud Infra,bob.jones,frank.castle,AP_INVOICE,Payment for standard services INV-10782
INV-10783,5381.65,2026-03-02,OfficeDepot Co,6050-Maintenance,bob.jones,diana.prince,AP_INVOICE,Payment for standard services INV-10783
INV-10784,1066.57,2026-03-09,OfficeDepot Co,6030-Consulting Fees,bob.jones,diana.prince,AP_INVOICE,Payment for standard services INV-10784
INV-10785,1218.49,2026-03-03,Delta Freight,6050-Maintenance,bob.jones,bruce.wayne,AP_INVOICE,Payment for standard services INV-10785
INV-10786,4545.22,2026-03-21,CloudScale Networks,6040-Freight & Delivery,alice.smith,bruce.wayne,AP_INVOICE,Payment for standard services INV-10786
INV-10787,3817.4,2026-03-25,Metro Facilities,6040-Freight & Delivery,alice.smith,diana.prince,AP_INVOICE,Payment for standard services INV-10787
INV-10788,4583.34,2026-03-24,Delta Freight,6040-Freight & Delivery,alice.smith,diana.prince,AP_INVOICE,Payment for standard services INV-10788
INV-10789,3491.49,2026-03-17,TechSupplies Inc,6040-Freight & Delivery,alice.smith,frank.castle,AP_INVOICE,Payment for standard services INV-10789
INV-10790,2723.17,2026-03-02,CloudScale Networks,6030-Consulting Fees,bob.jones,diana.prince,AP_INVOICE,Payment for standard services INV-10790
INV-10791,5490.75,2026-03-14,Delta Freight,6050-Maintenance,alice.smith,diana.prince,AP_INVOICE,Payment for standard services INV-10791
INV-10792,2131.65,2026-03-19,CloudScale Networks,6030-Consulting Fees,alice.smith,frank.castle,AP_INVOICE,Payment for standard services INV-10792
INV-10793,3360.76,2026-03-14,OfficeDepot Co,6010-Office Expense,emily.watson,bruce.wayne,AP_INVOICE,Payment for standard services INV-10793
INV-10794,1329.47,2026-03-13,CloudScale Networks,6040-Freight & Delivery,bob.jones,frank.castle,AP_INVOICE,Payment for standard services INV-10794
INV-10795,1463.86,2026-03-03,Metro Facilities,6050-Maintenance,bob.jones,diana.prince,AP_INVOICE,Payment for standard services INV-10795
INV-10796,2295.35,2026-03-14,Metro Facilities,6010-Office Expense,alice.smith,bruce.wayne,AP_INVOICE,Payment for standard services INV-10796
INV-10797,1995.94,2026-03-06,OfficeDepot Co,6030-Consulting Fees,alice.smith,frank.castle,AP_INVOICE,Payment for standard services INV-10797
INV-10798,5062.36,2026-03-02,Delta Freight,6050-Maintenance,bob.jones,frank.castle,AP_INVOICE,Payment for standard services INV-10798
INV-10799,2336.04,2026-03-24,OfficeDepot Co,6020-IT Cloud Infra,alice.smith,diana.prince,AP_INVOICE,Payment for standard services INV-10799
INV-10800,4770.45,2026-03-23,CloudScale Networks,6030-Consulting Fees,alice.smith,frank.castle,AP_INVOICE,Payment for standard services INV-10800
INV-10801,2266.52,2026-03-24,Delta Freight,6010-Office Expense,charlie.brown,diana.prince,AP_INVOICE,Payment for standard services INV-10801
INV-10802,1374.46,2026-03-24,Metro Facilities,6030-Consulting Fees,emily.watson,bruce.wayne,AP_INVOICE,Payment for standard services INV-10802
INV-10803,5668.47,2026-03-06,TechSupplies Inc,6040-Freight & Delivery,alice.smith,frank.castle,AP_INVOICE,Payment for standard services INV-10803
INV-10804,1039.37,2026-03-21,Metro Facilities,6030-Consulting Fees,alice.smith,frank.castle,AP_INVOICE,Payment for standard services INV-10804
INV-10805,1648.96,2026-03-10,OfficeDepot Co,6030-Consulting Fees,alice.smith,diana.prince,AP_INVOICE,Payment for standard services INV-10805
INV-10806,4159.79,2026-03-16,CloudScale Networks,6040-Freight & Delivery,alice.smith,frank.castle,AP_INVOICE,Payment for standard services INV-10806
INV-10807,3569.55,2026-03-23,CloudScale Networks,6020-IT Cloud Infra,emily.watson,bruce.wayne,AP_INVOICE,Payment for standard services INV-10807
INV-10808,1254.26,2026-03-13,Metro Facilities,6030-Consulting Fees,charlie.brown,frank.castle,AP_INVOICE,Payment for standard services INV-10808
INV-10809,715.52,2026-03-17,OfficeDepot Co,6030-Consulting Fees,charlie.brown,diana.prince,AP_INVOICE,Payment for standard services INV-10809
INV-10810,464.69,2026-03-09,OfficeDepot Co,6040-Freight & Delivery,alice.smith,bruce.wayne,AP_INVOICE,Payment for standard services INV-10810
INV-10811,1830.55,2026-03-13,Delta Freight,6020-IT Cloud Infra,alice.smith,bruce.wayne,AP_INVOICE,Payment for standard services INV-10811
INV-10812,3724.15,2026-03-05,CloudScale Networks,6040-Freight & Delivery,bob.jones,bruce.wayne,AP_INVOICE,Payment for standard services INV-10812
INV-10813,1818.96,2026-03-05,Metro Facilities,6030-Consulting Fees,emily.watson,bruce.wayne,AP_INVOICE,Payment for standard services INV-10813
INV-10814,805.73,2026-03-23,Metro Facilities,6020-IT Cloud Infra,bob.jones,frank.castle,AP_INVOICE,Payment for standard services INV-10814
INV-10815,3173.35,2026-03-19,CloudScale Networks,6040-Freight & Delivery,bob.jones,bruce.wayne,AP_INVOICE,Payment for standard services INV-10815
INV-10816,2714.93,2026-03-11,Metro Facilities,6050-Maintenance,alice.smith,diana.prince,AP_INVOICE,Payment for standard services INV-10816
INV-10817,1559.48,2026-03-10,TechSupplies Inc,6030-Consulting Fees,emily.watson,frank.castle,AP_INVOICE,Payment for standard services INV-10817
INV-10818,4932.84,2026-03-05,OfficeDepot Co,6020-IT Cloud Infra,bob.jones,diana.prince,AP_INVOICE,Payment for standard services INV-10818
INV-10819,3906.53,2026-03-19,Metro Facilities,6050-Maintenance,charlie.brown,bruce.wayne,AP_INVOICE,Payment for standard services INV-10819
INV-10820,3412.3,2026-03-23,CloudScale Networks,6010-Office Expense,charlie.brown,diana.prince,AP_INVOICE,Payment for standard services INV-10820
INV-10821,1360.09,2026-03-28,Metro Facilities,6040-Freight & Delivery,charlie.brown,diana.prince,AP_INVOICE,Payment for standard services INV-10821
INV-10822,2595.06,2026-03-14,CloudScale Networks,6020-IT Cloud Infra,bob.jones,diana.prince,AP_INVOICE,Payment for standard services INV-10822
INV-10823,735.72,2026-03-22,OfficeDepot Co,6040-Freight & Delivery,bob.jones,bruce.wayne,AP_INVOICE,Payment for standard services INV-10823
INV-10824,5790.81,2026-03-16,TechSupplies Inc,6020-IT Cloud Infra,emily.watson,bruce.wayne,AP_INVOICE,Payment for standard services INV-10824
INV-10825,4859.15,2026-03-20,CloudScale Networks,6040-Freight & Delivery,emily.watson,diana.prince,AP_INVOICE,Payment for standard services INV-10825
INV-10826,2506.24,2026-03-04,OfficeDepot Co,6040-Freight & Delivery,alice.smith,bruce.wayne,AP_INVOICE,Payment for standard services INV-10826
INV-10827,4407.13,2026-03-02,TechSupplies Inc,6020-IT Cloud Infra,emily.watson,bruce.wayne,AP_INVOICE,Payment for standard services INV-10827
INV-10828,2952.57,2026-03-13,TechSupplies Inc,6020-IT Cloud Infra,charlie.brown,frank.castle,AP_INVOICE,Payment for standard services INV-10828
INV-10829,4841.57,2026-03-10,OfficeDepot Co,6040-Freight & Delivery,bob.jones,frank.castle,AP_INVOICE,Payment for standard services INV-10829
INV-10830,709.54,2026-03-15,Metro Facilities,6020-IT Cloud Infra,emily.watson,bruce.wayne,AP_INVOICE,Payment for standard services INV-10830
INV-10831,2550.94,2026-03-14,CloudScale Networks,6050-Maintenance,bob.jones,frank.castle,AP_INVOICE,Payment for standard services INV-10831
INV-10832,310.16,2026-03-03,Delta Freight,6050-Maintenance,bob.jones,frank.castle,AP_INVOICE,Payment for standard services INV-10832
INV-10833,3591.18,2026-03-23,CloudScale Networks,6010-Office Expense,alice.smith,diana.prince,AP_INVOICE,Payment for standard services INV-10833
INV-10834,2089.62,2026-03-18,Metro Facilities,6040-Freight & Delivery,bob.jones,frank.castle,AP_INVOICE,Payment for standard services INV-10834
INV-10835,4059.18,2026-03-28,OfficeDepot Co,6050-Maintenance,bob.jones,diana.prince,AP_INVOICE,Payment for standard services INV-10835
INV-10836,3918.38,2026-03-24,TechSupplies Inc,6040-Freight & Delivery,charlie.brown,frank.castle,AP_INVOICE,Payment for standard services INV-10836
INV-10837,2895.51,2026-03-01,CloudScale Networks,6010-Office Expense,bob.jones,diana.prince,AP_INVOICE,Payment for standard services INV-10837
INV-10838,1711.48,2026-03-26,Delta Freight,6040-Freight & Delivery,emily.watson,bruce.wayne,AP_INVOICE,Payment for standard services INV-10838
INV-10839,4417.28,2026-03-14,CloudScale Networks,6020-IT Cloud Infra,emily.watson,frank.castle,AP_INVOICE,Payment for standard services INV-10839
INV-10840,3272.5,2026-03-21,TechSupplies Inc,6020-IT Cloud Infra,charlie.brown,bruce.wayne,AP_INVOICE,Payment for standard services INV-10840
INV-10841,4494.95,2026-03-21,TechSupplies Inc,6020-IT Cloud Infra,bob.jones,diana.prince,AP_INVOICE,Payment for standard services INV-10841
INV-10842,928.59,2026-03-03,TechSupplies Inc,6050-Maintenance,charlie.brown,frank.castle,AP_INVOICE,Payment for standard services INV-10842
INV-10843,2113.24,2026-03-22,CloudScale Networks,6020-IT Cloud Infra,charlie.brown,bruce.wayne,AP_INVOICE,Payment for standard services INV-10843
INV-10844,3508.13,2026-03-19,Metro Facilities,6020-IT Cloud Infra,emily.watson,bruce.wayne,AP_INVOICE,Payment for standard services INV-10844
INV-10845,389.8,2026-03-27,OfficeDepot Co,6030-Consulting Fees,charlie.brown,frank.castle,AP_INVOICE,Payment for standard services INV-10845
INV-10846,2173.88,2026-03-05,Metro Facilities,6010-Office Expense,charlie.brown,frank.castle,AP_INVOICE,Payment for standard services INV-10846
INV-10847,4357.01,2026-03-07,OfficeDepot Co,6050-Maintenance,emily.watson,bruce.wayne,AP_INVOICE,Payment for standard services INV-10847
INV-10848,3599.72,2026-03-24,TechSupplies Inc,6050-Maintenance,alice.smith,frank.castle,AP_INVOICE,Payment for standard services INV-10848
INV-10849,5195.2,2026-03-17,OfficeDepot Co,6040-Freight & Delivery,charlie.brown,frank.castle,AP_INVOICE,Payment for standard services INV-10849
INV-10850,3505.19,2026-03-24,CloudScale Networks,6050-Maintenance,emily.watson,bruce.wayne,AP_INVOICE,Payment for standard services INV-10850
INV-10851,2917.28,2026-03-10,CloudScale Networks,6050-Maintenance,bob.jones,bruce.wayne,AP_INVOICE,Payment for standard services INV-10851
INV-10852,1761.9,2026-03-28,TechSupplies Inc,6040-Freight & Delivery,alice.smith,bruce.wayne,AP_INVOICE,Payment for standard services INV-10852
INV-10853,3184.94,2026-03-12,Delta Freight,6040-Freight & Delivery,alice.smith,frank.castle,AP_INVOICE,Payment for standard services INV-10853
INV-10854,3561.01,2026-03-26,TechSupplies Inc,6020-IT Cloud Infra,charlie.brown,frank.castle,AP_INVOICE,Payment for standard services INV-10854
INV-10855,1540.03,2026-03-22,Metro Facilities,6030-Consulting Fees,alice.smith,diana.prince,AP_INVOICE,Payment for standard services INV-10855
INV-10856,2168.71,2026-03-07,Metro Facilities,6050-Maintenance,alice.smith,diana.prince,AP_INVOICE,Payment for standard services INV-10856
INV-10857,1876.87,2026-03-05,Delta Freight,6040-Freight & Delivery,alice.smith,bruce.wayne,AP_INVOICE,Payment for standard services INV-10857
INV-10858,3435.29,2026-03-24,Metro Facilities,6030-Consulting Fees,emily.watson,frank.castle,AP_INVOICE,Payment for standard services INV-10858
INV-10859,2636.1,2026-03-19,Metro Facilities,6030-Consulting Fees,alice.smith,diana.prince,AP_INVOICE,Payment for standard services INV-10859
INV-10860,4520.22,2026-03-27,OfficeDepot Co,6010-Office Expense,bob.jones,frank.castle,AP_INVOICE,Payment for standard services INV-10860
INV-10861,4932.51,2026-03-20,Metro Facilities,6020-IT Cloud Infra,emily.watson,diana.prince,AP_INVOICE,Payment for standard services INV-10861
INV-10862,3969.81,2026-03-14,OfficeDepot Co,6030-Consulting Fees,alice.smith,frank.castle,AP_INVOICE,Payment for standard services INV-10862
INV-10863,4427.33,2026-03-17,OfficeDepot Co,6040-Freight & Delivery,charlie.brown,diana.prince,AP_INVOICE,Payment for standard services INV-10863
INV-10864,732.03,2026-03-17,TechSupplies Inc,6020-IT Cloud Infra,alice.smith,frank.castle,AP_INVOICE,Payment for standard services INV-10864
INV-10865,2429.85,2026-03-16,Metro Facilities,6020-IT Cloud Infra,bob.jones,frank.castle,AP_INVOICE,Payment for standard services INV-10865
INV-10866,3216.19,2026-03-22,OfficeDepot Co,6020-IT Cloud Infra,alice.smith,bruce.wayne,AP_INVOICE,Payment for standard services INV-10866
INV-10867,3249.09,2026-03-28,TechSupplies Inc,6040-Freight & Delivery,emily.watson,bruce.wayne,AP_INVOICE,Payment for standard services INV-10867
INV-10868,363.0,2026-03-15,TechSupplies Inc,6050-Maintenance,alice.smith,frank.castle,AP_INVOICE,Payment for standard services INV-10868
INV-10869,1514.44,2026-03-07,OfficeDepot Co,6010-Office Expense,charlie.brown,bruce.wayne,AP_INVOICE,Payment for standard services INV-10869
INV-10870,1144.93,2026-03-22,OfficeDepot Co,6050-Maintenance,charlie.brown,frank.castle,AP_INVOICE,Payment for standard services INV-10870
INV-10871,811.44,2026-03-18,OfficeDepot Co,6010-Office Expense,alice.smith,bruce.wayne,AP_INVOICE,Payment for standard services INV-10871
INV-10872,1365.57,2026-03-05,OfficeDepot Co,6050-Maintenance,charlie.brown,frank.castle,AP_INVOICE,Payment for standard services INV-10872
INV-10873,5313.29,2026-03-10,Metro Facilities,6020-IT Cloud Infra,bob.jones,diana.prince,AP_INVOICE,Payment for standard services INV-10873
INV-10874,2127.81,2026-03-16,Delta Freight,6010-Office Expense,bob.jones,diana.prince,AP_INVOICE,Payment for standard services INV-10874
INV-10875,1313.0,2026-03-13,Delta Freight,6010-Office Expense,alice.smith,frank.castle,AP_INVOICE,Payment for standard services INV-10875
INV-10876,3073.39,2026-03-11,Metro Facilities,6040-Freight & Delivery,charlie.brown,frank.castle,AP_INVOICE,Payment for standard services INV-10876
INV-10877,4332.67,2026-03-05,Metro Facilities,6010-Office Expense,emily.watson,bruce.wayne,AP_INVOICE,Payment for standard services INV-10877
INV-10878,4057.61,2026-03-22,Delta Freight,6010-Office Expense,emily.watson,frank.castle,AP_INVOICE,Payment for standard services INV-10878
INV-10879,4300.1,2026-03-28,Delta Freight,6020-IT Cloud Infra,bob.jones,diana.prince,AP_INVOICE,Payment for standard services INV-10879
INV-10880,2314.9,2026-03-22,OfficeDepot Co,6040-Freight & Delivery,bob.jones,bruce.wayne,AP_INVOICE,Payment for standard services INV-10880
INV-10881,4485.79,2026-03-03,OfficeDepot Co,6040-Freight & Delivery,emily.watson,diana.prince,AP_INVOICE,Payment for standard services INV-10881
INV-10882,2053.94,2026-03-20,Delta Freight,6020-IT Cloud Infra,charlie.brown,frank.castle,AP_INVOICE,Payment for standard services INV-10882
INV-10883,2929.38,2026-03-21,Delta Freight,6010-Office Expense,charlie.brown,bruce.wayne,AP_INVOICE,Payment for standard services INV-10883
INV-10884,1550.67,2026-03-20,Delta Freight,6040-Freight & Delivery,emily.watson,diana.prince,AP_INVOICE,Payment for standard services INV-10884
INV-10885,929.2,2026-03-07,Delta Freight,6040-Freight & Delivery,alice.smith,frank.castle,AP_INVOICE,Payment for standard services INV-10885
INV-10886,3715.64,2026-03-23,Delta Freight,6050-Maintenance,charlie.brown,bruce.wayne,AP_INVOICE,Payment for standard services INV-10886
INV-10887,3437.66,2026-03-19,TechSupplies Inc,6050-Maintenance,emily.watson,diana.prince,AP_INVOICE,Payment for standard services INV-10887
INV-10888,2041.57,2026-03-13,TechSupplies Inc,6040-Freight & Delivery,bob.jones,frank.castle,AP_INVOICE,Payment for standard services INV-10888
INV-10889,585.1,2026-03-21,Metro Facilities,6040-Freight & Delivery,charlie.brown,frank.castle,AP_INVOICE,Payment for standard services INV-10889
INV-10890,947.44,2026-03-22,CloudScale Networks,6050-Maintenance,alice.smith,diana.prince,AP_INVOICE,Payment for standard services INV-10890
INV-10891,2733.69,2026-03-07,Delta Freight,6050-Maintenance,emily.watson,diana.prince,AP_INVOICE,Payment for standard services INV-10891
INV-10892,2104.71,2026-03-12,Metro Facilities,6030-Consulting Fees,emily.watson,bruce.wayne,AP_INVOICE,Payment for standard services INV-10892
INV-10893,5003.34,2026-03-28,Metro Facilities,6050-Maintenance,emily.watson,diana.prince,AP_INVOICE,Payment for standard services INV-10893
INV-10894,2009.2,2026-03-18,Metro Facilities,6010-Office Expense,alice.smith,bruce.wayne,AP_INVOICE,Payment for standard services INV-10894
INV-10895,2576.18,2026-03-23,OfficeDepot Co,6010-Office Expense,bob.jones,frank.castle,AP_INVOICE,Payment for standard services INV-10895
INV-10896,3531.22,2026-03-18,Delta Freight,6040-Freight & Delivery,emily.watson,frank.castle,AP_INVOICE,Payment for standard services INV-10896
INV-10897,982.08,2026-03-27,CloudScale Networks,6020-IT Cloud Infra,emily.watson,frank.castle,AP_INVOICE,Payment for standard services INV-10897
INV-10898,1692.46,2026-03-21,CloudScale Networks,6020-IT Cloud Infra,alice.smith,diana.prince,AP_INVOICE,Payment for standard services INV-10898
INV-10899,3616.61,2026-03-05,Delta Freight,6040-Freight & Delivery,bob.jones,diana.prince,AP_INVOICE,Payment for standard services INV-10899
INV-10900,2547.67,2026-03-06,Delta Freight,6050-Maintenance,emily.watson,bruce.wayne,AP_INVOICE,Payment for standard services INV-10900
INV-10901,2399.02,2026-03-06,Delta Freight,6040-Freight & Delivery,charlie.brown,diana.prince,AP_INVOICE,Payment for standard services INV-10901
INV-10902,295.92,2026-03-18,Delta Freight,6020-IT Cloud Infra,charlie.brown,frank.castle,AP_INVOICE,Payment for standard services INV-10902
INV-10903,563.46,2026-03-12,TechSupplies Inc,6050-Maintenance,emily.watson,bruce.wayne,AP_INVOICE,Payment for standard services INV-10903
INV-10904,2466.89,2026-03-17,TechSupplies Inc,6020-IT Cloud Infra,charlie.brown,frank.castle,AP_INVOICE,Payment for standard services INV-10904
INV-10905,4487.34,2026-03-24,TechSupplies Inc,6020-IT Cloud Infra,emily.watson,bruce.wayne,AP_INVOICE,Payment for standard services INV-10905
INV-10906,3837.34,2026-03-02,Metro Facilities,6050-Maintenance,charlie.brown,bruce.wayne,AP_INVOICE,Payment for standard services INV-10906
INV-10907,3732.41,2026-03-16,TechSupplies Inc,6040-Freight & Delivery,emily.watson,bruce.wayne,AP_INVOICE,Payment for standard services INV-10907
INV-10908,2048.21,2026-03-02,OfficeDepot Co,6030-Consulting Fees,charlie.brown,diana.prince,AP_INVOICE,Payment for standard services INV-10908
INV-10909,3526.63,2026-03-21,OfficeDepot Co,6050-Maintenance,charlie.brown,diana.prince,AP_INVOICE,Payment for standard services INV-10909
INV-10910,1142.09,2026-03-16,TechSupplies Inc,6030-Consulting Fees,alice.smith,frank.castle,AP_INVOICE,Payment for standard services INV-10910
INV-10911,2571.68,2026-03-09,OfficeDepot Co,6030-Consulting Fees,bob.jones,bruce.wayne,AP_INVOICE,Payment for standard services INV-10911
INV-10912,1437.06,2026-03-24,TechSupplies Inc,6050-Maintenance,bob.jones,bruce.wayne,AP_INVOICE,Payment for standard services INV-10912
INV-10913,2312.53,2026-03-06,CloudScale Networks,6030-Consulting Fees,bob.jones,frank.castle,AP_INVOICE,Payment for standard services INV-10913
INV-10914,5034.29,2026-03-27,OfficeDepot Co,6010-Office Expense,bob.jones,bruce.wayne,AP_INVOICE,Payment for standard services INV-10914
INV-10915,2560.12,2026-03-15,Delta Freight,6040-Freight & Delivery,bob.jones,bruce.wayne,AP_INVOICE,Payment for standard services INV-10915
INV-10916,1427.32,2026-03-09,Metro Facilities,6030-Consulting Fees,alice.smith,bruce.wayne,AP_INVOICE,Payment for standard services INV-10916
INV-10917,1222.63,2026-03-10,CloudScale Networks,6040-Freight & Delivery,emily.watson,frank.castle,AP_INVOICE,Payment for standard services INV-10917
INV-10918,5032.82,2026-03-23,Metro Facilities,6020-IT Cloud Infra,emily.watson,bruce.wayne,AP_INVOICE,Payment for standard services INV-10918
INV-10919,1542.98,2026-03-26,Metro Facilities,6040-Freight & Delivery,alice.smith,frank.castle,AP_INVOICE,Payment for standard services INV-10919
INV-10920,3663.74,2026-03-21,Metro Facilities,6010-Office Expense,alice.smith,bruce.wayne,AP_INVOICE,Payment for standard services INV-10920
INV-10921,4419.26,2026-03-09,Metro Facilities,6030-Consulting Fees,charlie.brown,frank.castle,AP_INVOICE,Payment for standard services INV-10921
INV-10922,2013.66,2026-03-24,Metro Facilities,6040-Freight & Delivery,emily.watson,bruce.wayne,AP_INVOICE,Payment for standard services INV-10922
INV-10923,3487.29,2026-03-23,CloudScale Networks,6050-Maintenance,charlie.brown,bruce.wayne,AP_INVOICE,Payment for standard services INV-10923
INV-10924,3820.07,2026-03-14,TechSupplies Inc,6010-Office Expense,alice.smith,diana.prince,AP_INVOICE,Payment for standard services INV-10924
INV-10925,574.76,2026-03-10,Delta Freight,6030-Consulting Fees,bob.jones,bruce.wayne,AP_INVOICE,Payment for standard services INV-10925
INV-10926,310.46,2026-03-22,Metro Facilities,6010-Office Expense,alice.smith,bruce.wayne,AP_INVOICE,Payment for standard services INV-10926
INV-10927,2101.76,2026-03-28,Metro Facilities,6010-Office Expense,alice.smith,diana.prince,AP_INVOICE,Payment for standard services INV-10927
INV-10928,2303.67,2026-03-06,Metro Facilities,6020-IT Cloud Infra,alice.smith,bruce.wayne,AP_INVOICE,Payment for standard services INV-10928
INV-10929,2471.57,2026-03-23,TechSupplies Inc,6040-Freight & Delivery,charlie.brown,frank.castle,AP_INVOICE,Payment for standard services INV-10929
INV-10930,4903.39,2026-03-09,OfficeDepot Co,6030-Consulting Fees,bob.jones,diana.prince,AP_INVOICE,Payment for standard services INV-10930
INV-10931,2595.64,2026-03-06,OfficeDepot Co,6010-Office Expense,charlie.brown,frank.castle,AP_INVOICE,Payment for standard services INV-10931
INV-10932,2725.07,2026-03-21,CloudScale Networks,6050-Maintenance,emily.watson,diana.prince,AP_INVOICE,Payment for standard services INV-10932
INV-10933,1032.75,2026-03-23,Delta Freight,6020-IT Cloud Infra,alice.smith,frank.castle,AP_INVOICE,Payment for standard services INV-10933
INV-10934,318.84,2026-03-01,TechSupplies Inc,6050-Maintenance,charlie.brown,frank.castle,AP_INVOICE,Payment for standard services INV-10934
INV-10935,1773.52,2026-03-05,TechSupplies Inc,6010-Office Expense,emily.watson,frank.castle,AP_INVOICE,Payment for standard services INV-10935
INV-10936,5065.91,2026-03-14,Metro Facilities,6010-Office Expense,emily.watson,frank.castle,AP_INVOICE,Payment for standard services INV-10936
INV-10937,3874.38,2026-03-13,TechSupplies Inc,6050-Maintenance,bob.jones,diana.prince,AP_INVOICE,Payment for standard services INV-10937
INV-10938,5478.83,2026-03-22,Delta Freight,6010-Office Expense,charlie.brown,frank.castle,AP_INVOICE,Payment for standard services INV-10938
INV-10939,447.75,2026-03-27,TechSupplies Inc,6030-Consulting Fees,charlie.brown,diana.prince,AP_INVOICE,Payment for standard services INV-10939
INV-10940,4111.86,2026-03-22,CloudScale Networks,6020-IT Cloud Infra,alice.smith,frank.castle,AP_INVOICE,Payment for standard services INV-10940
INV-10941,3577.83,2026-03-21,TechSupplies Inc,6030-Consulting Fees,emily.watson,diana.prince,AP_INVOICE,Payment for standard services INV-10941
INV-10942,1214.73,2026-03-19,TechSupplies Inc,6020-IT Cloud Infra,alice.smith,bruce.wayne,AP_INVOICE,Payment for standard services INV-10942
INV-10943,2072.55,2026-03-27,Metro Facilities,6030-Consulting Fees,emily.watson,bruce.wayne,AP_INVOICE,Payment for standard services INV-10943
INV-10944,5584.77,2026-03-11,TechSupplies Inc,6010-Office Expense,charlie.brown,diana.prince,AP_INVOICE,Payment for standard services INV-10944
INV-10945,921.2,2026-03-28,TechSupplies Inc,6020-IT Cloud Infra,emily.watson,bruce.wayne,AP_INVOICE,Payment for standard services INV-10945
INV-10946,1686.35,2026-03-24,Metro Facilities,6020-IT Cloud Infra,alice.smith,diana.prince,AP_INVOICE,Payment for standard services INV-10946
INV-10947,3341.32,2026-03-23,Delta Freight,6050-Maintenance,alice.smith,diana.prince,AP_INVOICE,Payment for standard services INV-10947
INV-10948,552.54,2026-03-20,TechSupplies Inc,6030-Consulting Fees,alice.smith,frank.castle,AP_INVOICE,Payment for standard services INV-10948
INV-10949,3043.52,2026-03-26,TechSupplies Inc,6010-Office Expense,emily.watson,bruce.wayne,AP_INVOICE,Payment for standard services INV-10949
INV-10950,755.19,2026-03-22,CloudScale Networks,6040-Freight & Delivery,charlie.brown,bruce.wayne,AP_INVOICE,Payment for standard services INV-10950
INV-10951,844.18,2026-03-27,Metro Facilities,6050-Maintenance,bob.jones,frank.castle,AP_INVOICE,Payment for standard services INV-10951
INV-10952,2578.67,2026-03-03,TechSupplies Inc,6050-Maintenance,bob.jones,frank.castle,AP_INVOICE,Payment for standard services INV-10952
INV-10953,772.68,2026-03-06,Delta Freight,6020-IT Cloud Infra,charlie.brown,bruce.wayne,AP_INVOICE,Payment for standard services INV-10953
INV-10954,4888.96,2026-03-20,TechSupplies Inc,6020-IT Cloud Infra,alice.smith,bruce.wayne,AP_INVOICE,Payment for standard services INV-10954
INV-10955,1009.51,2026-03-06,Delta Freight,6010-Office Expense,alice.smith,diana.prince,AP_INVOICE,Payment for standard services INV-10955
INV-10956,4709.13,2026-03-26,Metro Facilities,6030-Consulting Fees,emily.watson,bruce.wayne,AP_INVOICE,Payment for standard services INV-10956
INV-10957,3092.42,2026-03-09,CloudScale Networks,6020-IT Cloud Infra,bob.jones,bruce.wayne,AP_INVOICE,Payment for standard services INV-10957
INV-10958,2399.23,2026-03-06,CloudScale Networks,6050-Maintenance,alice.smith,bruce.wayne,AP_INVOICE,Payment for standard services INV-10958
INV-10959,3632.48,2026-03-01,TechSupplies Inc,6030-Consulting Fees,charlie.brown,frank.castle,AP_INVOICE,Payment for standard services INV-10959
INV-10960,1334.7,2026-03-17,Metro Facilities,6010-Office Expense,charlie.brown,bruce.wayne,AP_INVOICE,Payment for standard services INV-10960
INV-10961,3965.34,2026-03-04,CloudScale Networks,6030-Consulting Fees,alice.smith,diana.prince,AP_INVOICE,Payment for standard services INV-10961
INV-10962,4146.06,2026-03-22,Delta Freight,6040-Freight & Delivery,bob.jones,diana.prince,AP_INVOICE,Payment for standard services INV-10962
INV-10963,1431.47,2026-03-09,OfficeDepot Co,6030-Consulting Fees,bob.jones,frank.castle,AP_INVOICE,Payment for standard services INV-10963
INV-10964,4210.83,2026-03-02,Delta Freight,6010-Office Expense,alice.smith,bruce.wayne,AP_INVOICE,Payment for standard services INV-10964
INV-10965,2052.47,2026-03-08,TechSupplies Inc,6040-Freight & Delivery,alice.smith,diana.prince,AP_INVOICE,Payment for standard services INV-10965
INV-10966,3542.7,2026-03-22,OfficeDepot Co,6040-Freight & Delivery,bob.jones,bruce.wayne,AP_INVOICE,Payment for standard services INV-10966
INV-10967,2186.92,2026-03-08,TechSupplies Inc,6030-Consulting Fees,bob.jones,diana.prince,AP_INVOICE,Payment for standard services INV-10967
INV-10968,4953.03,2026-03-19,Delta Freight,6020-IT Cloud Infra,alice.smith,frank.castle,AP_INVOICE,Payment for standard services INV-10968
INV-10969,4751.64,2026-03-13,CloudScale Networks,6020-IT Cloud Infra,emily.watson,diana.prince,AP_INVOICE,Payment for standard services INV-10969
INV-10970,2504.54,2026-03-11,CloudScale Networks,6030-Consulting Fees,charlie.brown,diana.prince,AP_INVOICE,Payment for standard services INV-10970
INV-10971,3525.36,2026-03-28,TechSupplies Inc,6030-Consulting Fees,bob.jones,diana.prince,AP_INVOICE,Payment for standard services INV-10971
INV-10972,2378.86,2026-03-06,OfficeDepot Co,6020-IT Cloud Infra,charlie.brown,bruce.wayne,AP_INVOICE,Payment for standard services INV-10972
INV-10973,3894.94,2026-03-14,Metro Facilities,6020-IT Cloud Infra,bob.jones,diana.prince,AP_INVOICE,Payment for standard services INV-10973
INV-10974,3326.3,2026-03-09,CloudScale Networks,6050-Maintenance,emily.watson,frank.castle,AP_INVOICE,Payment for standard services INV-10974
INV-10975,2152.85,2026-03-19,CloudScale Networks,6020-IT Cloud Infra,charlie.brown,frank.castle,AP_INVOICE,Payment for standard services INV-10975
INV-10976,4751.32,2026-03-02,CloudScale Networks,6050-Maintenance,alice.smith,frank.castle,AP_INVOICE,Payment for standard services INV-10976
INV-10977,2376.95,2026-03-13,Metro Facilities,6010-Office Expense,emily.watson,bruce.wayne,AP_INVOICE,Payment for standard services INV-10977
INV-10978,4285.74,2026-03-03,TechSupplies Inc,6040-Freight & Delivery,emily.watson,diana.prince,AP_INVOICE,Payment for standard services INV-10978
INV-10979,439.89,2026-03-10,Delta Freight,6020-IT Cloud Infra,bob.jones,frank.castle,AP_INVOICE,Payment for standard services INV-10979
INV-10980,5117.71,2026-03-23,TechSupplies Inc,6040-Freight & Delivery,charlie.brown,diana.prince,AP_INVOICE,Payment for standard services INV-10980
INV-10981,3132.89,2026-03-25,Metro Facilities,6010-Office Expense,emily.watson,frank.castle,AP_INVOICE,Payment for standard services INV-10981
INV-10982,3585.79,2026-03-21,CloudScale Networks,6030-Consulting Fees,emily.watson,bruce.wayne,AP_INVOICE,Payment for standard services INV-10982
INV-10983,3140.87,2026-03-14,Delta Freight,6030-Consulting Fees,alice.smith,frank.castle,AP_INVOICE,Payment for standard services INV-10983
INV-10984,4122.36,2026-03-03,Metro Facilities,6050-Maintenance,bob.jones,bruce.wayne,AP_INVOICE,Payment for standard services INV-10984
INV-10985,2121.07,2026-03-04,TechSupplies Inc,6050-Maintenance,charlie.brown,diana.prince,AP_INVOICE,Payment for standard services INV-10985
INV-10986,2549.38,2026-03-21,TechSupplies Inc,6030-Consulting Fees,charlie.brown,diana.prince,AP_INVOICE,Payment for standard services INV-10986
INV-10987,712.57,2026-03-18,CloudScale Networks,6020-IT Cloud Infra,charlie.brown,diana.prince,AP_INVOICE,Payment for standard services INV-10987
INV-10988,2451.93,2026-03-12,Metro Facilities,6020-IT Cloud Infra,bob.jones,frank.castle,AP_INVOICE,Payment for standard services INV-10988
INV-10989,3549.75,2026-03-12,Delta Freight,6030-Consulting Fees,alice.smith,diana.prince,AP_INVOICE,Payment for standard services INV-10989
INV-10990,2626.83,2026-03-18,Metro Facilities,6010-Office Expense,emily.watson,bruce.wayne,AP_INVOICE,Payment for standard services INV-10990
INV-10991,3179.32,2026-03-23,OfficeDepot Co,6040-Freight & Delivery,charlie.brown,bruce.wayne,AP_INVOICE,Payment for standard services INV-10991
INV-10992,5449.46,2026-03-03,TechSupplies Inc,6020-IT Cloud Infra,emily.watson,diana.prince,AP_INVOICE,Payment for standard services INV-10992
INV-10993,1125.21,2026-03-04,TechSupplies Inc,6010-Office Expense,bob.jones,frank.castle,AP_INVOICE,Payment for standard services INV-10993
INV-10994,3024.11,2026-03-14,CloudScale Networks,6050-Maintenance,alice.smith,frank.castle,AP_INVOICE,Payment for standard services INV-10994
INV-10995,4283.38,2026-03-15,CloudScale Networks,6040-Freight & Delivery,charlie.brown,frank.castle,AP_INVOICE,Payment for standard services INV-10995
INV-10996,719.43,2026-03-27,CloudScale Networks,6010-Office Expense,alice.smith,diana.prince,AP_INVOICE,Payment for standard services INV-10996
INV-10997,4552.6,2026-03-21,Delta Freight,6050-Maintenance,charlie.brown,bruce.wayne,AP_INVOICE,Payment for standard services INV-10997
INV-10998,3131.42,2026-03-10,Metro Facilities,6050-Maintenance,emily.watson,frank.castle,AP_INVOICE,Payment for standard services INV-10998
INV-10999,4869.35,2026-03-16,OfficeDepot Co,6020-IT Cloud Infra,charlie.brown,diana.prince,AP_INVOICE,Payment for standard services INV-10999
INV-11000,1657.13,2026-03-15,TechSupplies Inc,6020-IT Cloud Infra,charlie.brown,frank.castle,AP_INVOICE,Payment for standard services INV-11000
INV-11001,4504.76,2026-03-06,CloudScale Networks,6050-Maintenance,charlie.brown,diana.prince,AP_INVOICE,Payment for standard services INV-11001
INV-11002,4290.15,2026-03-02,CloudScale Networks,6020-IT Cloud Infra,bob.jones,diana.prince,AP_INVOICE,Payment for standard services INV-11002
INV-11003,5162.37,2026-03-07,Delta Freight,6030-Consulting Fees,charlie.brown,diana.prince,AP_INVOICE,Payment for standard services INV-11003
INV-11004,555.09,2026-03-15,OfficeDepot Co,6030-Consulting Fees,bob.jones,frank.castle,AP_INVOICE,Payment for standard services INV-11004
INV-11005,1170.67,2026-03-16,OfficeDepot Co,6010-Office Expense,alice.smith,frank.castle,AP_INVOICE,Payment for standard services INV-11005
INV-11006,5397.93,2026-03-18,OfficeDepot Co,6020-IT Cloud Infra,alice.smith,bruce.wayne,AP_INVOICE,Payment for standard services INV-11006
INV-11007,3334.04,2026-03-22,OfficeDepot Co,6040-Freight & Delivery,charlie.brown,bruce.wayne,AP_INVOICE,Payment for standard services INV-11007
INV-11008,2902.1,2026-03-16,Delta Freight,6030-Consulting Fees,alice.smith,bruce.wayne,AP_INVOICE,Payment for standard services INV-11008
INV-11009,1742.67,2026-03-13,Metro Facilities,6010-Office Expense,charlie.brown,diana.prince,AP_INVOICE,Payment for standard services INV-11009
INV-11010,1542.11,2026-03-20,OfficeDepot Co,6010-Office Expense,charlie.brown,diana.prince,AP_INVOICE,Payment for standard services INV-11010
INV-11011,3382.71,2026-03-03,CloudScale Networks,6030-Consulting Fees,bob.jones,diana.prince,AP_INVOICE,Payment for standard services INV-11011
INV-11012,2580.72,2026-03-16,TechSupplies Inc,6050-Maintenance,emily.watson,diana.prince,AP_INVOICE,Payment for standard services INV-11012
INV-11013,3201.41,2026-03-23,TechSupplies Inc,6030-Consulting Fees,emily.watson,diana.prince,AP_INVOICE,Payment for standard services INV-11013
INV-11014,2719.72,2026-03-12,OfficeDepot Co,6010-Office Expense,charlie.brown,frank.castle,AP_INVOICE,Payment for standard services INV-11014
INV-11015,2399.16,2026-03-15,Metro Facilities,6010-Office Expense,bob.jones,bruce.wayne,AP_INVOICE,Payment for standard services INV-11015
INV-11016,2692.73,2026-03-14,Delta Freight,6030-Consulting Fees,bob.jones,bruce.wayne,AP_INVOICE,Payment for standard services INV-11016
INV-11017,2663.71,2026-03-07,Metro Facilities,6050-Maintenance,alice.smith,diana.prince,AP_INVOICE,Payment for standard services INV-11017
INV-11018,5104.61,2026-03-25,Metro Facilities,6030-Consulting Fees,alice.smith,bruce.wayne,AP_INVOICE,Payment for standard services INV-11018
INV-11019,255.09,2026-03-15,OfficeDepot Co,6040-Freight & Delivery,bob.jones,bruce.wayne,AP_INVOICE,Payment for standard services INV-11019
INV-11020,4336.09,2026-03-10,CloudScale Networks,6020-IT Cloud Infra,bob.jones,frank.castle,AP_INVOICE,Payment for standard services INV-11020
INV-11021,583.95,2026-03-18,OfficeDepot Co,6050-Maintenance,charlie.brown,frank.castle,AP_INVOICE,Payment for standard services INV-11021
INV-11022,1736.29,2026-03-21,TechSupplies Inc,6020-IT Cloud Infra,charlie.brown,frank.castle,AP_INVOICE,Payment for standard services INV-11022
INV-11023,3176.74,2026-03-23,OfficeDepot Co,6040-Freight & Delivery,bob.jones,frank.castle,AP_INVOICE,Payment for standard services INV-11023
INV-11024,617.69,2026-03-24,OfficeDepot Co,6040-Freight & Delivery,alice.smith,bruce.wayne,AP_INVOICE,Payment for standard services INV-11024
INV-11025,2609.69,2026-03-27,Delta Freight,6030-Consulting Fees,emily.watson,bruce.wayne,AP_INVOICE,Payment for standard services INV-11025
INV-11026,2624.82,2026-03-19,Metro Facilities,6010-Office Expense,charlie.brown,diana.prince,AP_INVOICE,Payment for standard services INV-11026
INV-11027,1632.34,2026-03-09,CloudScale Networks,6030-Consulting Fees,bob.jones,diana.prince,AP_INVOICE,Payment for standard services INV-11027
INV-11028,3386.52,2026-03-17,OfficeDepot Co,6010-Office Expense,charlie.brown,frank.castle,AP_INVOICE,Payment for standard services INV-11028
INV-11029,851.79,2026-03-25,CloudScale Networks,6020-IT Cloud Infra,alice.smith,bruce.wayne,AP_INVOICE,Payment for standard services INV-11029
INV-11030,1702.11,2026-03-23,OfficeDepot Co,6030-Consulting Fees,charlie.brown,bruce.wayne,AP_INVOICE,Payment for standard services INV-11030
INV-11031,1012.85,2026-03-05,Metro Facilities,6030-Consulting Fees,bob.jones,diana.prince,AP_INVOICE,Payment for standard services INV-11031
INV-11032,2199.92,2026-03-04,Delta Freight,6040-Freight & Delivery,charlie.brown,diana.prince,AP_INVOICE,Payment for standard services INV-11032
INV-11033,2632.46,2026-03-15,CloudScale Networks,6050-Maintenance,alice.smith,frank.castle,AP_INVOICE,Payment for standard services INV-11033
INV-11034,1706.45,2026-03-10,CloudScale Networks,6010-Office Expense,emily.watson,frank.castle,AP_INVOICE,Payment for standard services INV-11034
INV-11035,1232.24,2026-03-23,Delta Freight,6050-Maintenance,charlie.brown,diana.prince,AP_INVOICE,Payment for standard services INV-11035
INV-11036,3888.38,2026-03-05,TechSupplies Inc,6020-IT Cloud Infra,bob.jones,bruce.wayne,AP_INVOICE,Payment for standard services INV-11036
INV-11037,2068.27,2026-03-23,CloudScale Networks,6020-IT Cloud Infra,alice.smith,frank.castle,AP_INVOICE,Payment for standard services INV-11037
INV-11038,1215.4,2026-03-07,TechSupplies Inc,6040-Freight & Delivery,emily.watson,diana.prince,AP_INVOICE,Payment for standard services INV-11038
INV-11039,4018.68,2026-03-04,Metro Facilities,6050-Maintenance,alice.smith,frank.castle,AP_INVOICE,Payment for standard services INV-11039
INV-11040,1302.26,2026-03-20,OfficeDepot Co,6010-Office Expense,alice.smith,diana.prince,AP_INVOICE,Payment for standard services INV-11040
INV-11041,4610.33,2026-03-05,CloudScale Networks,6030-Consulting Fees,alice.smith,diana.prince,AP_INVOICE,Payment for standard services INV-11041
INV-11042,5551.26,2026-03-28,Metro Facilities,6030-Consulting Fees,charlie.brown,diana.prince,AP_INVOICE,Payment for standard services INV-11042
INV-11043,3957.97,2026-03-27,CloudScale Networks,6050-Maintenance,alice.smith,diana.prince,AP_INVOICE,Payment for standard services INV-11043
INV-11044,468.16,2026-03-25,CloudScale Networks,6020-IT Cloud Infra,charlie.brown,diana.prince,AP_INVOICE,Payment for standard services INV-11044
INV-11045,5214.8,2026-03-23,TechSupplies Inc,6020-IT Cloud Infra,emily.watson,frank.castle,AP_INVOICE,Payment for standard services INV-11045
INV-11046,2604.47,2026-03-14,TechSupplies Inc,6020-IT Cloud Infra,charlie.brown,frank.castle,AP_INVOICE,Payment for standard services INV-11046
INV-11047,1254.01,2026-03-04,TechSupplies Inc,6030-Consulting Fees,alice.smith,frank.castle,AP_INVOICE,Payment for standard services INV-11047
INV-11048,2814.15,2026-03-11,OfficeDepot Co,6030-Consulting Fees,alice.smith,diana.prince,AP_INVOICE,Payment for standard services INV-11048
INV-11049,2236.35,2026-03-27,Delta Freight,6050-Maintenance,charlie.brown,bruce.wayne,AP_INVOICE,Payment for standard services INV-11049
INV-11050,3038.15,2026-03-27,OfficeDepot Co,6040-Freight & Delivery,bob.jones,diana.prince,AP_INVOICE,Payment for standard services INV-11050
INV-11051,5425.78,2026-03-16,OfficeDepot Co,6020-IT Cloud Infra,alice.smith,bruce.wayne,AP_INVOICE,Payment for standard services INV-11051
INV-11052,2489.65,2026-03-13,Metro Facilities,6010-Office Expense,alice.smith,diana.prince,AP_INVOICE,Payment for standard services INV-11052
INV-11053,3187.22,2026-03-07,TechSupplies Inc,6020-IT Cloud Infra,alice.smith,frank.castle,AP_INVOICE,Payment for standard services INV-11053
INV-11054,3164.9,2026-03-24,Delta Freight,6010-Office Expense,bob.jones,frank.castle,AP_INVOICE,Payment for standard services INV-11054
INV-11055,4137.55,2026-03-13,Metro Facilities,6050-Maintenance,charlie.brown,bruce.wayne,AP_INVOICE,Payment for standard services INV-11055
INV-11056,3534.81,2026-03-25,Delta Freight,6040-Freight & Delivery,charlie.brown,diana.prince,AP_INVOICE,Payment for standard services INV-11056
INV-11057,892.56,2026-03-05,Delta Freight,6040-Freight & Delivery,bob.jones,bruce.wayne,AP_INVOICE,Payment for standard services INV-11057
INV-11058,3705.19,2026-03-13,TechSupplies Inc,6040-Freight & Delivery,alice.smith,diana.prince,AP_INVOICE,Payment for standard services INV-11058
INV-11059,2059.03,2026-03-22,OfficeDepot Co,6050-Maintenance,alice.smith,diana.prince,AP_INVOICE,Payment for standard services INV-11059
INV-11060,4466.92,2026-03-16,Delta Freight,6020-IT Cloud Infra,charlie.brown,bruce.wayne,AP_INVOICE,Payment for standard services INV-11060
INV-11061,1618.94,2026-03-14,OfficeDepot Co,6050-Maintenance,alice.smith,diana.prince,AP_INVOICE,Payment for standard services INV-11061
INV-11062,1559.07,2026-03-15,Delta Freight,6030-Consulting Fees,emily.watson,frank.castle,AP_INVOICE,Payment for standard services INV-11062
INV-11063,909.07,2026-03-05,OfficeDepot Co,6020-IT Cloud Infra,emily.watson,frank.castle,AP_INVOICE,Payment for standard services INV-11063
INV-11064,2120.1,2026-03-18,TechSupplies Inc,6050-Maintenance,emily.watson,bruce.wayne,AP_INVOICE,Payment for standard services INV-11064
INV-11065,3385.7,2026-03-02,Delta Freight,6050-Maintenance,bob.jones,bruce.wayne,AP_INVOICE,Payment for standard services INV-11065
INV-11066,2701.96,2026-03-11,Delta Freight,6050-Maintenance,charlie.brown,frank.castle,AP_INVOICE,Payment for standard services INV-11066
INV-11067,2984.94,2026-03-19,CloudScale Networks,6030-Consulting Fees,charlie.brown,bruce.wayne,AP_INVOICE,Payment for standard services INV-11067
INV-11068,4470.07,2026-03-12,OfficeDepot Co,6040-Freight & Delivery,alice.smith,frank.castle,AP_INVOICE,Payment for standard services INV-11068
INV-11069,4235.22,2026-03-21,TechSupplies Inc,6020-IT Cloud Infra,bob.jones,diana.prince,AP_INVOICE,Payment for standard services INV-11069
INV-11070,602.21,2026-03-06,TechSupplies Inc,6030-Consulting Fees,alice.smith,frank.castle,AP_INVOICE,Payment for standard services INV-11070
INV-11071,1646.28,2026-03-01,Delta Freight,6040-Freight & Delivery,emily.watson,frank.castle,AP_INVOICE,Payment for standard services INV-11071
INV-11072,3479.83,2026-03-19,OfficeDepot Co,6040-Freight & Delivery,emily.watson,frank.castle,AP_INVOICE,Payment for standard services INV-11072
INV-11073,2493.19,2026-03-26,CloudScale Networks,6030-Consulting Fees,emily.watson,bruce.wayne,AP_INVOICE,Payment for standard services INV-11073
INV-11074,2355.79,2026-03-07,Metro Facilities,6030-Consulting Fees,charlie.brown,frank.castle,AP_INVOICE,Payment for standard services INV-11074
INV-11075,4547.38,2026-03-09,TechSupplies Inc,6050-Maintenance,bob.jones,frank.castle,AP_INVOICE,Payment for standard services INV-11075
INV-11076,5003.09,2026-03-28,Delta Freight,6020-IT Cloud Infra,alice.smith,bruce.wayne,AP_INVOICE,Payment for standard services INV-11076
INV-11077,3351.85,2026-03-07,OfficeDepot Co,6010-Office Expense,emily.watson,frank.castle,AP_INVOICE,Payment for standard services INV-11077
INV-11078,584.54,2026-03-22,OfficeDepot Co,6050-Maintenance,charlie.brown,frank.castle,AP_INVOICE,Payment for standard services INV-11078
INV-11079,1357.77,2026-03-25,Delta Freight,6030-Consulting Fees,emily.watson,bruce.wayne,AP_INVOICE,Payment for standard services INV-11079
INV-11080,4762.57,2026-03-22,Metro Facilities,6020-IT Cloud Infra,emily.watson,diana.prince,AP_INVOICE,Payment for standard services INV-11080
INV-11081,5186.58,2026-03-24,Delta Freight,6030-Consulting Fees,emily.watson,bruce.wayne,AP_INVOICE,Payment for standard services INV-11081
INV-11082,3059.61,2026-03-05,OfficeDepot Co,6040-Freight & Delivery,bob.jones,diana.prince,AP_INVOICE,Payment for standard services INV-11082
INV-11083,4447.45,2026-03-21,Delta Freight,6040-Freight & Delivery,charlie.brown,diana.prince,AP_INVOICE,Payment for standard services INV-11083
INV-11084,2170.49,2026-03-20,OfficeDepot Co,6020-IT Cloud Infra,charlie.brown,bruce.wayne,AP_INVOICE,Payment for standard services INV-11084
INV-11085,1321.24,2026-03-26,CloudScale Networks,6020-IT Cloud Infra,alice.smith,diana.prince,AP_INVOICE,Payment for standard services INV-11085
INV-11086,3116.26,2026-03-02,Metro Facilities,6040-Freight & Delivery,emily.watson,bruce.wayne,AP_INVOICE,Payment for standard services INV-11086
INV-11087,1472.37,2026-03-18,TechSupplies Inc,6030-Consulting Fees,charlie.brown,bruce.wayne,AP_INVOICE,Payment for standard services INV-11087
INV-11088,4351.18,2026-03-11,Delta Freight,6010-Office Expense,alice.smith,diana.prince,AP_INVOICE,Payment for standard services INV-11088
INV-11089,4751.32,2026-03-27,Delta Freight,6030-Consulting Fees,alice.smith,frank.castle,AP_INVOICE,Payment for standard services INV-11089
INV-11090,1291.09,2026-03-22,TechSupplies Inc,6050-Maintenance,alice.smith,bruce.wayne,AP_INVOICE,Payment for standard services INV-11090
INV-11091,5543.57,2026-03-08,Metro Facilities,6030-Consulting Fees,emily.watson,diana.prince,AP_INVOICE,Payment for standard services INV-11091
INV-11092,4280.35,2026-03-24,OfficeDepot Co,6030-Consulting Fees,emily.watson,bruce.wayne,AP_INVOICE,Payment for standard services INV-11092
INV-11093,2241.21,2026-03-09,CloudScale Networks,6010-Office Expense,bob.jones,diana.prince,AP_INVOICE,Payment for standard services INV-11093
INV-11094,1539.48,2026-03-12,Metro Facilities,6010-Office Expense,emily.watson,bruce.wayne,AP_INVOICE,Payment for standard services INV-11094
INV-11095,1114.89,2026-03-08,Metro Facilities,6040-Freight & Delivery,emily.watson,bruce.wayne,AP_INVOICE,Payment for standard services INV-11095
INV-11096,5885.8,2026-03-12,CloudScale Networks,6030-Consulting Fees,emily.watson,bruce.wayne,AP_INVOICE,Payment for standard services INV-11096
INV-11097,890.25,2026-03-26,Metro Facilities,6010-Office Expense,alice.smith,bruce.wayne,AP_INVOICE,Payment for standard services INV-11097
INV-11098,1773.47,2026-03-04,Delta Freight,6030-Consulting Fees,charlie.brown,bruce.wayne,AP_INVOICE,Payment for standard services INV-11098
INV-11099,1534.03,2026-03-09,Delta Freight,6040-Freight & Delivery,alice.smith,frank.castle,AP_INVOICE,Payment for standard services INV-11099
INV-11100,4843.32,2026-03-15,CloudScale Networks,6030-Consulting Fees,bob.jones,diana.prince,AP_INVOICE,Payment for standard services INV-11100
INV-11101,4847.6,2026-03-27,Delta Freight,6010-Office Expense,charlie.brown,diana.prince,AP_INVOICE,Payment for standard services INV-11101
INV-11102,3143.79,2026-03-27,Delta Freight,6030-Consulting Fees,emily.watson,diana.prince,AP_INVOICE,Payment for standard services INV-11102
INV-11103,1390.88,2026-03-24,TechSupplies Inc,6030-Consulting Fees,emily.watson,bruce.wayne,AP_INVOICE,Payment for standard services INV-11103
INV-11104,4447.07,2026-03-21,Delta Freight,6010-Office Expense,alice.smith,bruce.wayne,AP_INVOICE,Payment for standard services INV-11104
INV-11105,2313.95,2026-03-21,CloudScale Networks,6010-Office Expense,emily.watson,diana.prince,AP_INVOICE,Payment for standard services INV-11105
INV-11106,3047.37,2026-03-23,TechSupplies Inc,6020-IT Cloud Infra,bob.jones,bruce.wayne,AP_INVOICE,Payment for standard services INV-11106
INV-11107,5727.75,2026-03-15,CloudScale Networks,6050-Maintenance,emily.watson,frank.castle,AP_INVOICE,Payment for standard services INV-11107
INV-11108,3971.36,2026-03-07,OfficeDepot Co,6020-IT Cloud Infra,charlie.brown,frank.castle,AP_INVOICE,Payment for standard services INV-11108
INV-11109,1884.0,2026-03-01,Delta Freight,6040-Freight & Delivery,bob.jones,diana.prince,AP_INVOICE,Payment for standard services INV-11109
INV-11110,4393.5,2026-03-09,CloudScale Networks,6010-Office Expense,emily.watson,diana.prince,AP_INVOICE,Payment for standard services INV-11110
INV-11111,1395.78,2026-03-09,Delta Freight,6050-Maintenance,emily.watson,bruce.wayne,AP_INVOICE,Payment for standard services INV-11111
INV-11112,4863.32,2026-03-23,CloudScale Networks,6050-Maintenance,alice.smith,diana.prince,AP_INVOICE,Payment for standard services INV-11112
INV-11113,4204.86,2026-03-23,Delta Freight,6040-Freight & Delivery,alice.smith,diana.prince,AP_INVOICE,Payment for standard services INV-11113
INV-11114,4832.99,2026-03-05,OfficeDepot Co,6030-Consulting Fees,emily.watson,frank.castle,AP_INVOICE,Payment for standard services INV-11114
INV-11115,1294.95,2026-03-06,CloudScale Networks,6030-Consulting Fees,bob.jones,frank.castle,AP_INVOICE,Payment for standard services INV-11115
INV-11116,974.57,2026-03-15,OfficeDepot Co,6030-Consulting Fees,bob.jones,bruce.wayne,AP_INVOICE,Payment for standard services INV-11116
INV-11117,2924.9,2026-03-05,Delta Freight,6010-Office Expense,alice.smith,frank.castle,AP_INVOICE,Payment for standard services INV-11117
INV-11118,5795.38,2026-03-14,Delta Freight,6020-IT Cloud Infra,emily.watson,bruce.wayne,AP_INVOICE,Payment for standard services INV-11118
INV-11119,1888.06,2026-03-11,TechSupplies Inc,6050-Maintenance,alice.smith,diana.prince,AP_INVOICE,Payment for standard services INV-11119
INV-11120,3563.52,2026-03-09,OfficeDepot Co,6050-Maintenance,alice.smith,diana.prince,AP_INVOICE,Payment for standard services INV-11120
INV-11121,2226.9,2026-03-02,Delta Freight,6030-Consulting Fees,bob.jones,bruce.wayne,AP_INVOICE,Payment for standard services INV-11121
INV-11122,1699.75,2026-03-05,Metro Facilities,6040-Freight & Delivery,charlie.brown,frank.castle,AP_INVOICE,Payment for standard services INV-11122
INV-11123,3596.44,2026-03-11,Delta Freight,6020-IT Cloud Infra,charlie.brown,diana.prince,AP_INVOICE,Payment for standard services INV-11123
INV-11124,668.4,2026-03-09,OfficeDepot Co,6030-Consulting Fees,emily.watson,frank.castle,AP_INVOICE,Payment for standard services INV-11124
INV-11125,4237.32,2026-03-06,OfficeDepot Co,6050-Maintenance,charlie.brown,frank.castle,AP_INVOICE,Payment for standard services INV-11125
INV-11126,5143.49,2026-03-07,CloudScale Networks,6050-Maintenance,emily.watson,diana.prince,AP_INVOICE,Payment for standard services INV-11126
INV-11127,1229.41,2026-03-23,TechSupplies Inc,6040-Freight & Delivery,charlie.brown,diana.prince,AP_INVOICE,Payment for standard services INV-11127
INV-11128,872.23,2026-03-23,Delta Freight,6010-Office Expense,emily.watson,frank.castle,AP_INVOICE,Payment for standard services INV-11128
INV-11129,2664.54,2026-03-03,TechSupplies Inc,6020-IT Cloud Infra,alice.smith,frank.castle,AP_INVOICE,Payment for standard services INV-11129
INV-11130,1530.26,2026-03-22,CloudScale Networks,6050-Maintenance,charlie.brown,bruce.wayne,AP_INVOICE,Payment for standard services INV-11130
INV-11131,3318.4,2026-03-03,TechSupplies Inc,6050-Maintenance,bob.jones,frank.castle,AP_INVOICE,Payment for standard services INV-11131
INV-11132,2622.73,2026-03-22,TechSupplies Inc,6030-Consulting Fees,alice.smith,frank.castle,AP_INVOICE,Payment for standard services INV-11132
INV-11133,2410.22,2026-03-05,OfficeDepot Co,6050-Maintenance,alice.smith,frank.castle,AP_INVOICE,Payment for standard services INV-11133
INV-11134,2319.75,2026-03-22,Delta Freight,6040-Freight & Delivery,charlie.brown,bruce.wayne,AP_INVOICE,Payment for standard services INV-11134
INV-11135,4851.77,2026-03-24,Metro Facilities,6040-Freight & Delivery,charlie.brown,bruce.wayne,AP_INVOICE,Payment for standard services INV-11135
INV-11136,5055.43,2026-03-10,CloudScale Networks,6020-IT Cloud Infra,alice.smith,bruce.wayne,AP_INVOICE,Payment for standard services INV-11136
INV-11137,462.77,2026-03-13,TechSupplies Inc,6050-Maintenance,emily.watson,diana.prince,AP_INVOICE,Payment for standard services INV-11137
INV-11138,1340.57,2026-03-06,Delta Freight,6010-Office Expense,alice.smith,diana.prince,AP_INVOICE,Payment for standard services INV-11138
INV-11139,2239.29,2026-03-26,CloudScale Networks,6010-Office Expense,charlie.brown,frank.castle,AP_INVOICE,Payment for standard services INV-11139
INV-11140,4288.52,2026-03-22,OfficeDepot Co,6050-Maintenance,bob.jones,frank.castle,AP_INVOICE,Payment for standard services INV-11140
INV-11141,1889.08,2026-03-16,CloudScale Networks,6040-Freight & Delivery,emily.watson,frank.castle,AP_INVOICE,Payment for standard services INV-11141
INV-11142,3146.38,2026-03-06,TechSupplies Inc,6040-Freight & Delivery,charlie.brown,bruce.wayne,AP_INVOICE,Payment for standard services INV-11142
INV-11143,2392.03,2026-03-22,TechSupplies Inc,6050-Maintenance,charlie.brown,frank.castle,AP_INVOICE,Payment for standard services INV-11143
INV-11144,3548.58,2026-03-15,CloudScale Networks,6040-Freight & Delivery,alice.smith,frank.castle,AP_INVOICE,Payment for standard services INV-11144
INV-11145,4795.76,2026-03-22,Delta Freight,6030-Consulting Fees,bob.jones,diana.prince,AP_INVOICE,Payment for standard services INV-11145
INV-11146,5258.7,2026-03-02,Metro Facilities,6040-Freight & Delivery,charlie.brown,bruce.wayne,AP_INVOICE,Payment for standard services INV-11146
INV-11147,4947.66,2026-03-04,Metro Facilities,6010-Office Expense,emily.watson,frank.castle,AP_INVOICE,Payment for standard services INV-11147
INV-11148,3885.53,2026-03-03,OfficeDepot Co,6030-Consulting Fees,charlie.brown,bruce.wayne,AP_INVOICE,Payment for standard services INV-11148
INV-11149,749.9,2026-03-02,Delta Freight,6020-IT Cloud Infra,bob.jones,frank.castle,AP_INVOICE,Payment for standard services INV-11149
INV-11150,4424.14,2026-03-15,OfficeDepot Co,6030-Consulting Fees,emily.watson,bruce.wayne,AP_INVOICE,Payment for standard services INV-11150
INV-11151,1772.67,2026-03-24,CloudScale Networks,6020-IT Cloud Infra,bob.jones,diana.prince,AP_INVOICE,Payment for standard services INV-11151
INV-11152,3116.5,2026-03-13,TechSupplies Inc,6040-Freight & Delivery,alice.smith,diana.prince,AP_INVOICE,Payment for standard services INV-11152
INV-11153,922.79,2026-03-24,Delta Freight,6040-Freight & Delivery,emily.watson,bruce.wayne,AP_INVOICE,Payment for standard services INV-11153
INV-11154,2853.2,2026-03-22,Metro Facilities,6050-Maintenance,charlie.brown,bruce.wayne,AP_INVOICE,Payment for standard services INV-11154
INV-11155,4864.06,2026-03-01,OfficeDepot Co,6010-Office Expense,bob.jones,diana.prince,AP_INVOICE,Payment for standard services INV-11155
INV-11156,4176.95,2026-03-21,CloudScale Networks,6010-Office Expense,bob.jones,frank.castle,AP_INVOICE,Payment for standard services INV-11156
INV-11157,1287.06,2026-03-25,Metro Facilities,6020-IT Cloud Infra,alice.smith,frank.castle,AP_INVOICE,Payment for standard services INV-11157
INV-11158,2655.35,2026-03-24,TechSupplies Inc,6010-Office Expense,bob.jones,diana.prince,AP_INVOICE,Payment for standard services INV-11158
INV-11159,5365.4,2026-03-08,Delta Freight,6010-Office Expense,emily.watson,bruce.wayne,AP_INVOICE,Payment for standard services INV-11159
INV-11160,2952.63,2026-03-04,Delta Freight,6010-Office Expense,charlie.brown,diana.prince,AP_INVOICE,Payment for standard services INV-11160
INV-11161,4016.25,2026-03-16,Delta Freight,6040-Freight & Delivery,charlie.brown,diana.prince,AP_INVOICE,Payment for standard services INV-11161
INV-11162,2801.28,2026-03-02,Metro Facilities,6040-Freight & Delivery,bob.jones,bruce.wayne,AP_INVOICE,Payment for standard services INV-11162
INV-11163,2453.95,2026-03-21,OfficeDepot Co,6050-Maintenance,alice.smith,frank.castle,AP_INVOICE,Payment for standard services INV-11163
INV-11164,2614.87,2026-03-23,Delta Freight,6050-Maintenance,charlie.brown,frank.castle,AP_INVOICE,Payment for standard services INV-11164
INV-11165,1072.95,2026-03-08,CloudScale Networks,6040-Freight & Delivery,charlie.brown,frank.castle,AP_INVOICE,Payment for standard services INV-11165
INV-11166,3261.26,2026-03-10,OfficeDepot Co,6050-Maintenance,emily.watson,diana.prince,AP_INVOICE,Payment for standard services INV-11166
INV-11167,2535.63,2026-03-20,Delta Freight,6030-Consulting Fees,emily.watson,diana.prince,AP_INVOICE,Payment for standard services INV-11167
INV-11168,3561.07,2026-03-07,TechSupplies Inc,6040-Freight & Delivery,bob.jones,diana.prince,AP_INVOICE,Payment for standard services INV-11168
INV-11169,2542.5,2026-03-07,Delta Freight,6040-Freight & Delivery,charlie.brown,diana.prince,AP_INVOICE,Payment for standard services INV-11169
INV-11170,5362.52,2026-03-06,OfficeDepot Co,6030-Consulting Fees,charlie.brown,bruce.wayne,AP_INVOICE,Payment for standard services INV-11170
INV-11171,4385.13,2026-03-14,Metro Facilities,6010-Office Expense,alice.smith,frank.castle,AP_INVOICE,Payment for standard services INV-11171
INV-11172,1195.64,2026-03-11,Metro Facilities,6020-IT Cloud Infra,emily.watson,frank.castle,AP_INVOICE,Payment for standard services INV-11172
INV-11173,4540.64,2026-03-28,Metro Facilities,6030-Consulting Fees,bob.jones,bruce.wayne,AP_INVOICE,Payment for standard services INV-11173
INV-11174,3676.72,2026-03-04,TechSupplies Inc,6040-Freight & Delivery,emily.watson,diana.prince,AP_INVOICE,Payment for standard services INV-11174
INV-11175,3736.93,2026-03-04,TechSupplies Inc,6050-Maintenance,alice.smith,bruce.wayne,AP_INVOICE,Payment for standard services INV-11175
INV-11176,681.37,2026-03-10,CloudScale Networks,6030-Consulting Fees,bob.jones,bruce.wayne,AP_INVOICE,Payment for standard services INV-11176
INV-11177,4366.41,2026-03-12,Delta Freight,6010-Office Expense,bob.jones,bruce.wayne,AP_INVOICE,Payment for standard services INV-11177
INV-11178,880.8,2026-03-08,CloudScale Networks,6040-Freight & Delivery,emily.watson,diana.prince,AP_INVOICE,Payment for standard services INV-11178
INV-11179,3183.89,2026-03-09,OfficeDepot Co,6050-Maintenance,bob.jones,diana.prince,AP_INVOICE,Payment for standard services INV-11179
INV-11180,3986.34,2026-03-14,OfficeDepot Co,6020-IT Cloud Infra,bob.jones,bruce.wayne,AP_INVOICE,Payment for standard services INV-11180
INV-11181,1394.96,2026-03-28,Delta Freight,6040-Freight & Delivery,emily.watson,frank.castle,AP_INVOICE,Payment for standard services INV-11181
INV-11182,3740.87,2026-03-23,TechSupplies Inc,6040-Freight & Delivery,bob.jones,diana.prince,AP_INVOICE,Payment for standard services INV-11182
INV-11183,5457.3,2026-03-25,TechSupplies Inc,6030-Consulting Fees,charlie.brown,frank.castle,AP_INVOICE,Payment for standard services INV-11183
INV-11184,397.51,2026-03-23,TechSupplies Inc,6020-IT Cloud Infra,alice.smith,bruce.wayne,AP_INVOICE,Payment for standard services INV-11184
INV-11185,5102.47,2026-03-23,OfficeDepot Co,6040-Freight & Delivery,emily.watson,bruce.wayne,AP_INVOICE,Payment for standard services INV-11185
INV-11186,1891.53,2026-03-17,OfficeDepot Co,6030-Consulting Fees,alice.smith,frank.castle,AP_INVOICE,Payment for standard services INV-11186
INV-11187,1167.03,2026-03-20,Delta Freight,6040-Freight & Delivery,bob.jones,bruce.wayne,AP_INVOICE,Payment for standard services INV-11187
INV-11188,3962.42,2026-03-03,OfficeDepot Co,6040-Freight & Delivery,bob.jones,frank.castle,AP_INVOICE,Payment for standard services INV-11188
INV-11189,1696.07,2026-03-03,CloudScale Networks,6050-Maintenance,charlie.brown,diana.prince,AP_INVOICE,Payment for standard services INV-11189
INV-11190,1890.68,2026-03-26,OfficeDepot Co,6020-IT Cloud Infra,alice.smith,diana.prince,AP_INVOICE,Payment for standard services INV-11190
INV-11191,1650.24,2026-03-02,OfficeDepot Co,6040-Freight & Delivery,alice.smith,bruce.wayne,AP_INVOICE,Payment for standard services INV-11191
INV-11192,2135.32,2026-03-25,Metro Facilities,6030-Consulting Fees,alice.smith,diana.prince,AP_INVOICE,Payment for standard services INV-11192
INV-11193,1106.16,2026-03-11,OfficeDepot Co,6050-Maintenance,alice.smith,frank.castle,AP_INVOICE,Payment for standard services INV-11193
INV-11194,5861.12,2026-03-10,Metro Facilities,6050-Maintenance,bob.jones,frank.castle,AP_INVOICE,Payment for standard services INV-11194
INV-11195,4076.77,2026-03-24,Metro Facilities,6020-IT Cloud Infra,emily.watson,bruce.wayne,AP_INVOICE,Payment for standard services INV-11195
INV-11196,1774.0,2026-03-04,Metro Facilities,6020-IT Cloud Infra,charlie.brown,frank.castle,AP_INVOICE,Payment for standard services INV-11196
INV-11197,2205.52,2026-03-14,Delta Freight,6010-Office Expense,alice.smith,diana.prince,AP_INVOICE,Payment for standard services INV-11197
INV-11198,3373.72,2026-03-17,Delta Freight,6010-Office Expense,charlie.brown,bruce.wayne,AP_INVOICE,Payment for standard services INV-11198
INV-11199,3031.19,2026-03-14,Delta Freight,6030-Consulting Fees,emily.watson,bruce.wayne,AP_INVOICE,Payment for standard services INV-11199
INV-11200,5994.46,2026-03-17,Delta Freight,6040-Freight & Delivery,bob.jones,diana.prince,AP_INVOICE,Payment for standard services INV-11200
INV-11201,3619.82,2026-03-07,CloudScale Networks,6050-Maintenance,alice.smith,bruce.wayne,AP_INVOICE,Payment for standard services INV-11201
INV-11202,446.2,2026-03-20,CloudScale Networks,6050-Maintenance,charlie.brown,diana.prince,AP_INVOICE,Payment for standard services INV-11202
INV-11203,1421.29,2026-03-17,OfficeDepot Co,6050-Maintenance,charlie.brown,diana.prince,AP_INVOICE,Payment for standard services INV-11203
INV-11204,1938.51,2026-03-01,OfficeDepot Co,6030-Consulting Fees,charlie.brown,frank.castle,AP_INVOICE,Payment for standard services INV-11204
INV-11205,1424.16,2026-03-10,Metro Facilities,6040-Freight & Delivery,alice.smith,frank.castle,AP_INVOICE,Payment for standard services INV-11205
INV-11206,4206.7,2026-03-12,Delta Freight,6010-Office Expense,alice.smith,bruce.wayne,AP_INVOICE,Payment for standard services INV-11206
INV-11207,264.45,2026-03-15,Delta Freight,6050-Maintenance,charlie.brown,bruce.wayne,AP_INVOICE,Payment for standard services INV-11207
INV-11208,4946.39,2026-03-17,Delta Freight,6050-Maintenance,bob.jones,diana.prince,AP_INVOICE,Payment for standard services INV-11208
INV-11209,4266.12,2026-03-26,Delta Freight,6020-IT Cloud Infra,charlie.brown,diana.prince,AP_INVOICE,Payment for standard services INV-11209
INV-11210,3562.81,2026-03-18,Delta Freight,6020-IT Cloud Infra,emily.watson,frank.castle,AP_INVOICE,Payment for standard services INV-11210
INV-11211,3376.62,2026-03-23,Delta Freight,6030-Consulting Fees,alice.smith,diana.prince,AP_INVOICE,Payment for standard services INV-11211
INV-11212,3165.55,2026-03-18,OfficeDepot Co,6050-Maintenance,alice.smith,bruce.wayne,AP_INVOICE,Payment for standard services INV-11212
INV-11213,4816.34,2026-03-17,Metro Facilities,6050-Maintenance,alice.smith,bruce.wayne,AP_INVOICE,Payment for standard services INV-11213
INV-11214,2478.91,2026-03-09,TechSupplies Inc,6010-Office Expense,bob.jones,diana.prince,AP_INVOICE,Payment for standard services INV-11214
INV-11215,1929.38,2026-03-20,Metro Facilities,6040-Freight & Delivery,alice.smith,bruce.wayne,AP_INVOICE,Payment for standard services INV-11215
INV-11216,3122.41,2026-03-06,Delta Freight,6010-Office Expense,charlie.brown,frank.castle,AP_INVOICE,Payment for standard services INV-11216
INV-11217,4540.86,2026-03-04,OfficeDepot Co,6040-Freight & Delivery,charlie.brown,diana.prince,AP_INVOICE,Payment for standard services INV-11217
INV-11218,4469.1,2026-03-25,OfficeDepot Co,6020-IT Cloud Infra,bob.jones,frank.castle,AP_INVOICE,Payment for standard services INV-11218
INV-11219,1583.16,2026-03-11,Delta Freight,6020-IT Cloud Infra,alice.smith,bruce.wayne,AP_INVOICE,Payment for standard services INV-11219
INV-11220,3659.47,2026-03-05,OfficeDepot Co,6040-Freight & Delivery,alice.smith,frank.castle,AP_INVOICE,Payment for standard services INV-11220
INV-11221,1867.44,2026-03-08,Delta Freight,6010-Office Expense,alice.smith,diana.prince,AP_INVOICE,Payment for standard services INV-11221
INV-11222,3561.97,2026-03-09,Delta Freight,6050-Maintenance,emily.watson,diana.prince,AP_INVOICE,Payment for standard services INV-11222
INV-11223,2357.62,2026-03-14,Delta Freight,6010-Office Expense,emily.watson,diana.prince,AP_INVOICE,Payment for standard services INV-11223
INV-11224,5021.28,2026-03-25,TechSupplies Inc,6030-Consulting Fees,alice.smith,diana.prince,AP_INVOICE,Payment for standard services INV-11224
INV-11225,4292.28,2026-03-03,OfficeDepot Co,6050-Maintenance,emily.watson,frank.castle,AP_INVOICE,Payment for standard services INV-11225
INV-11226,3349.83,2026-03-18,CloudScale Networks,6030-Consulting Fees,bob.jones,diana.prince,AP_INVOICE,Payment for standard services INV-11226
INV-11227,6179.38,2026-03-27,Metro Facilities,6040-Freight & Delivery,alice.smith,diana.prince,AP_INVOICE,Payment for standard services INV-11227
INV-11228,4429.74,2026-03-16,OfficeDepot Co,6020-IT Cloud Infra,alice.smith,diana.prince,AP_INVOICE,Payment for standard services INV-11228
INV-11229,1405.6,2026-03-27,Delta Freight,6030-Consulting Fees,bob.jones,bruce.wayne,AP_INVOICE,Payment for standard services INV-11229
INV-11230,558.28,2026-03-03,Metro Facilities,6050-Maintenance,alice.smith,frank.castle,AP_INVOICE,Payment for standard services INV-11230
INV-11231,850.02,2026-03-07,CloudScale Networks,6050-Maintenance,charlie.brown,frank.castle,AP_INVOICE,Payment for standard services INV-11231
INV-11232,5211.75,2026-03-15,OfficeDepot Co,6030-Consulting Fees,charlie.brown,bruce.wayne,AP_INVOICE,Payment for standard services INV-11232
INV-11233,3458.24,2026-03-20,OfficeDepot Co,6030-Consulting Fees,bob.jones,frank.castle,AP_INVOICE,Payment for standard services INV-11233
INV-11234,4750.13,2026-03-01,CloudScale Networks,6010-Office Expense,emily.watson,diana.prince,AP_INVOICE,Payment for standard services INV-11234
INV-11235,2574.29,2026-03-21,Delta Freight,6040-Freight & Delivery,alice.smith,bruce.wayne,AP_INVOICE,Payment for standard services INV-11235
INV-11236,200.74,2026-03-27,Delta Freight,6010-Office Expense,charlie.brown,frank.castle,AP_INVOICE,Payment for standard services INV-11236
INV-11237,2353.7,2026-03-07,TechSupplies Inc,6010-Office Expense,emily.watson,frank.castle,AP_INVOICE,Payment for standard services INV-11237
INV-11238,1380.0,2026-03-03,TechSupplies Inc,6030-Consulting Fees,charlie.brown,diana.prince,AP_INVOICE,Payment for standard services INV-11238
INV-11239,3892.39,2026-03-02,CloudScale Networks,6020-IT Cloud Infra,emily.watson,frank.castle,AP_INVOICE,Payment for standard services INV-11239
INV-11240,4671.79,2026-03-27,Metro Facilities,6020-IT Cloud Infra,alice.smith,diana.prince,AP_INVOICE,Payment for standard services INV-11240
INV-11241,1021.42,2026-03-18,OfficeDepot Co,6050-Maintenance,emily.watson,diana.prince,AP_INVOICE,Payment for standard services INV-11241
INV-11242,3793.61,2026-03-19,Metro Facilities,6050-Maintenance,bob.jones,diana.prince,AP_INVOICE,Payment for standard services INV-11242
INV-11243,396.36,2026-03-24,OfficeDepot Co,6050-Maintenance,bob.jones,bruce.wayne,AP_INVOICE,Payment for standard services INV-11243
INV-11244,1653.33,2026-03-18,TechSupplies Inc,6050-Maintenance,charlie.brown,bruce.wayne,AP_INVOICE,Payment for standard services INV-11244
INV-11245,985.66,2026-03-28,Delta Freight,6010-Office Expense,charlie.brown,frank.castle,AP_INVOICE,Payment for standard services INV-11245
INV-11246,3771.37,2026-03-17,Metro Facilities,6040-Freight & Delivery,emily.watson,frank.castle,AP_INVOICE,Payment for standard services INV-11246
INV-11247,5060.55,2026-03-18,CloudScale Networks,6010-Office Expense,charlie.brown,frank.castle,AP_INVOICE,Payment for standard services INV-11247
INV-11248,303.84,2026-03-26,CloudScale Networks,6030-Consulting Fees,alice.smith,bruce.wayne,AP_INVOICE,Payment for standard services INV-11248
INV-11249,3701.41,2026-03-06,Delta Freight,6010-Office Expense,bob.jones,diana.prince,AP_INVOICE,Payment for standard services INV-11249
INV-11250,503.29,2026-03-26,TechSupplies Inc,6010-Office Expense,emily.watson,frank.castle,AP_INVOICE,Payment for standard services INV-11250
INV-11251,3999.07,2026-03-16,OfficeDepot Co,6030-Consulting Fees,bob.jones,diana.prince,AP_INVOICE,Payment for standard services INV-11251
INV-11252,1833.13,2026-03-25,TechSupplies Inc,6030-Consulting Fees,bob.jones,diana.prince,AP_INVOICE,Payment for standard services INV-11252
INV-11253,2610.55,2026-03-02,TechSupplies Inc,6040-Freight & Delivery,alice.smith,diana.prince,AP_INVOICE,Payment for standard services INV-11253
INV-11254,3011.67,2026-03-02,TechSupplies Inc,6020-IT Cloud Infra,alice.smith,frank.castle,AP_INVOICE,Payment for standard services INV-11254
INV-11255,3296.11,2026-03-02,TechSupplies Inc,6010-Office Expense,alice.smith,bruce.wayne,AP_INVOICE,Payment for standard services INV-11255
INV-11256,2070.71,2026-03-28,TechSupplies Inc,6050-Maintenance,emily.watson,diana.prince,AP_INVOICE,Payment for standard services INV-11256
INV-11257,3713.88,2026-03-26,TechSupplies Inc,6040-Freight & Delivery,emily.watson,frank.castle,AP_INVOICE,Payment for standard services INV-11257
INV-11258,3356.31,2026-03-17,TechSupplies Inc,6030-Consulting Fees,alice.smith,frank.castle,AP_INVOICE,Payment for standard services INV-11258
INV-11259,1149.49,2026-03-26,TechSupplies Inc,6010-Office Expense,alice.smith,bruce.wayne,AP_INVOICE,Payment for standard services INV-11259
INV-11260,5349.67,2026-03-14,CloudScale Networks,6050-Maintenance,charlie.brown,frank.castle,AP_INVOICE,Payment for standard services INV-11260
INV-11261,3403.53,2026-03-02,CloudScale Networks,6020-IT Cloud Infra,bob.jones,diana.prince,AP_INVOICE,Payment for standard services INV-11261
INV-11262,2988.24,2026-03-18,Metro Facilities,6030-Consulting Fees,charlie.brown,bruce.wayne,AP_INVOICE,Payment for standard services INV-11262
INV-11263,1417.81,2026-03-12,OfficeDepot Co,6050-Maintenance,charlie.brown,frank.castle,AP_INVOICE,Payment for standard services INV-11263
INV-11264,4175.26,2026-03-27,CloudScale Networks,6010-Office Expense,bob.jones,bruce.wayne,AP_INVOICE,Payment for standard services INV-11264
INV-11265,5106.22,2026-03-21,Delta Freight,6030-Consulting Fees,bob.jones,diana.prince,AP_INVOICE,Payment for standard services INV-11265
INV-11266,5004.6,2026-03-23,OfficeDepot Co,6020-IT Cloud Infra,emily.watson,bruce.wayne,AP_INVOICE,Payment for standard services INV-11266
INV-11267,4808.72,2026-03-10,OfficeDepot Co,6050-Maintenance,charlie.brown,bruce.wayne,AP_INVOICE,Payment for standard services INV-11267
INV-11268,1063.89,2026-03-01,Delta Freight,6010-Office Expense,emily.watson,diana.prince,AP_INVOICE,Payment for standard services INV-11268
INV-11269,3927.38,2026-03-16,Delta Freight,6050-Maintenance,bob.jones,diana.prince,AP_INVOICE,Payment for standard services INV-11269
INV-11270,5360.32,2026-03-06,OfficeDepot Co,6040-Freight & Delivery,bob.jones,frank.castle,AP_INVOICE,Payment for standard services INV-11270
INV-11271,830.69,2026-03-18,TechSupplies Inc,6010-Office Expense,charlie.brown,diana.prince,AP_INVOICE,Payment for standard services INV-11271
INV-11272,1515.05,2026-03-01,CloudScale Networks,6050-Maintenance,charlie.brown,diana.prince,AP_INVOICE,Payment for standard services INV-11272
INV-11273,1527.58,2026-03-28,CloudScale Networks,6030-Consulting Fees,bob.jones,frank.castle,AP_INVOICE,Payment for standard services INV-11273
INV-11274,1264.78,2026-03-01,TechSupplies Inc,6020-IT Cloud Infra,charlie.brown,diana.prince,AP_INVOICE,Payment for standard services INV-11274
INV-11275,1496.07,2026-03-15,TechSupplies Inc,6030-Consulting Fees,bob.jones,frank.castle,AP_INVOICE,Payment for standard services INV-11275
INV-11276,4172.93,2026-03-03,CloudScale Networks,6050-Maintenance,emily.watson,bruce.wayne,AP_INVOICE,Payment for standard services INV-11276
INV-11277,4471.54,2026-03-13,CloudScale Networks,6020-IT Cloud Infra,bob.jones,bruce.wayne,AP_INVOICE,Payment for standard services INV-11277
INV-11278,2129.98,2026-03-19,Delta Freight,6020-IT Cloud Infra,alice.smith,bruce.wayne,AP_INVOICE,Payment for standard services INV-11278
INV-11279,2776.31,2026-03-21,CloudScale Networks,6030-Consulting Fees,bob.jones,diana.prince,AP_INVOICE,Payment for standard services INV-11279
INV-11280,5080.01,2026-03-24,Metro Facilities,6050-Maintenance,emily.watson,diana.prince,AP_INVOICE,Payment for standard services INV-11280
INV-11281,2396.84,2026-03-13,Metro Facilities,6010-Office Expense,bob.jones,bruce.wayne,AP_INVOICE,Payment for standard services INV-11281
INV-11282,3855.1,2026-03-15,Metro Facilities,6030-Consulting Fees,emily.watson,bruce.wayne,AP_INVOICE,Payment for standard services INV-11282
INV-11283,3654.06,2026-03-09,Metro Facilities,6040-Freight & Delivery,emily.watson,frank.castle,AP_INVOICE,Payment for standard services INV-11283
INV-11284,3585.8,2026-03-07,Metro Facilities,6010-Office Expense,bob.jones,diana.prince,AP_INVOICE,Payment for standard services INV-11284
INV-11285,1450.31,2026-03-19,CloudScale Networks,6030-Consulting Fees,emily.watson,frank.castle,AP_INVOICE,Payment for standard services INV-11285
INV-11286,4290.7,2026-03-25,OfficeDepot Co,6050-Maintenance,alice.smith,diana.prince,AP_INVOICE,Payment for standard services INV-11286
INV-11287,2267.58,2026-03-17,OfficeDepot Co,6020-IT Cloud Infra,alice.smith,frank.castle,AP_INVOICE,Payment for standard services INV-11287
INV-11288,2573.0,2026-03-26,Delta Freight,6040-Freight & Delivery,emily.watson,frank.castle,AP_INVOICE,Payment for standard services INV-11288
INV-11289,1682.08,2026-03-09,TechSupplies Inc,6020-IT Cloud Infra,emily.watson,diana.prince,AP_INVOICE,Payment for standard services INV-11289
INV-11290,2268.36,2026-03-08,TechSupplies Inc,6030-Consulting Fees,alice.smith,frank.castle,AP_INVOICE,Payment for standard services INV-11290
INV-11291,412.65,2026-03-07,TechSupplies Inc,6050-Maintenance,bob.jones,frank.castle,AP_INVOICE,Payment for standard services INV-11291
INV-11292,1763.54,2026-03-24,OfficeDepot Co,6020-IT Cloud Infra,bob.jones,bruce.wayne,AP_INVOICE,Payment for standard services INV-11292
INV-11293,1665.57,2026-03-13,OfficeDepot Co,6030-Consulting Fees,charlie.brown,frank.castle,AP_INVOICE,Payment for standard services INV-11293
INV-11294,4567.79,2026-03-08,TechSupplies Inc,6040-Freight & Delivery,bob.jones,frank.castle,AP_INVOICE,Payment for standard services INV-11294
INV-11295,3864.02,2026-03-27,Delta Freight,6020-IT Cloud Infra,emily.watson,bruce.wayne,AP_INVOICE,Payment for standard services INV-11295
INV-11296,4240.11,2026-03-14,OfficeDepot Co,6020-IT Cloud Infra,emily.watson,bruce.wayne,AP_INVOICE,Payment for standard services INV-11296
INV-11297,2361.2,2026-03-19,Metro Facilities,6010-Office Expense,charlie.brown,diana.prince,AP_INVOICE,Payment for standard services INV-11297
INV-11298,2466.08,2026-03-08,TechSupplies Inc,6040-Freight & Delivery,charlie.brown,frank.castle,AP_INVOICE,Payment for standard services INV-11298
INV-11299,3676.42,2026-03-19,Delta Freight,6050-Maintenance,charlie.brown,frank.castle,AP_INVOICE,Payment for standard services INV-11299
INV-11300,3939.52,2026-03-21,CloudScale Networks,6020-IT Cloud Infra,charlie.brown,bruce.wayne,AP_INVOICE,Payment for standard services INV-11300
INV-11301,5291.95,2026-03-13,Metro Facilities,6040-Freight & Delivery,emily.watson,diana.prince,AP_INVOICE,Payment for standard services INV-11301
INV-11302,1967.93,2026-03-15,Delta Freight,6010-Office Expense,charlie.brown,bruce.wayne,AP_INVOICE,Payment for standard services INV-11302
INV-11303,1988.68,2026-03-27,CloudScale Networks,6010-Office Expense,bob.jones,diana.prince,AP_INVOICE,Payment for standard services INV-11303
INV-11304,2973.8,2026-03-10,CloudScale Networks,6020-IT Cloud Infra,alice.smith,frank.castle,AP_INVOICE,Payment for standard services INV-11304
INV-11305,1566.36,2026-03-12,Metro Facilities,6010-Office Expense,emily.watson,diana.prince,AP_INVOICE,Payment for standard services INV-11305
INV-11306,1196.32,2026-03-05,Delta Freight,6040-Freight & Delivery,bob.jones,diana.prince,AP_INVOICE,Payment for standard services INV-11306
INV-11307,2742.45,2026-03-28,TechSupplies Inc,6040-Freight & Delivery,bob.jones,diana.prince,AP_INVOICE,Payment for standard services INV-11307
INV-11308,2270.3,2026-03-07,Delta Freight,6020-IT Cloud Infra,charlie.brown,bruce.wayne,AP_INVOICE,Payment for standard services INV-11308
INV-11309,3741.48,2026-03-15,OfficeDepot Co,6020-IT Cloud Infra,alice.smith,diana.prince,AP_INVOICE,Payment for standard services INV-11309
INV-11310,2031.94,2026-03-16,CloudScale Networks,6050-Maintenance,charlie.brown,bruce.wayne,AP_INVOICE,Payment for standard services INV-11310
INV-11311,3162.36,2026-03-23,TechSupplies Inc,6030-Consulting Fees,emily.watson,frank.castle,AP_INVOICE,Payment for standard services INV-11311
INV-11312,4795.96,2026-03-08,Delta Freight,6050-Maintenance,bob.jones,frank.castle,AP_INVOICE,Payment for standard services INV-11312
INV-11313,3181.58,2026-03-06,Delta Freight,6040-Freight & Delivery,emily.watson,bruce.wayne,AP_INVOICE,Payment for standard services INV-11313
INV-11314,1026.29,2026-03-21,TechSupplies Inc,6020-IT Cloud Infra,bob.jones,frank.castle,AP_INVOICE,Payment for standard services INV-11314
INV-11315,3683.85,2026-03-25,TechSupplies Inc,6020-IT Cloud Infra,emily.watson,frank.castle,AP_INVOICE,Payment for standard services INV-11315
INV-11316,5338.79,2026-03-15,TechSupplies Inc,6010-Office Expense,charlie.brown,frank.castle,AP_INVOICE,Payment for standard services INV-11316
INV-11317,1125.85,2026-03-21,TechSupplies Inc,6040-Freight & Delivery,alice.smith,diana.prince,AP_INVOICE,Payment for standard services INV-11317
INV-11318,4284.77,2026-03-13,Delta Freight,6030-Consulting Fees,emily.watson,diana.prince,AP_INVOICE,Payment for standard services INV-11318
INV-11319,1277.85,2026-03-15,CloudScale Networks,6030-Consulting Fees,emily.watson,frank.castle,AP_INVOICE,Payment for standard services INV-11319
INV-11320,2778.46,2026-03-27,CloudScale Networks,6040-Freight & Delivery,bob.jones,frank.castle,AP_INVOICE,Payment for standard services INV-11320
INV-11321,962.51,2026-03-10,TechSupplies Inc,6050-Maintenance,alice.smith,diana.prince,AP_INVOICE,Payment for standard services INV-11321
INV-11322,3769.47,2026-03-09,CloudScale Networks,6010-Office Expense,alice.smith,bruce.wayne,AP_INVOICE,Payment for standard services INV-11322
INV-11323,1871.84,2026-03-23,CloudScale Networks,6010-Office Expense,bob.jones,frank.castle,AP_INVOICE,Payment for standard services INV-11323
INV-11324,3199.62,2026-03-10,Metro Facilities,6010-Office Expense,emily.watson,bruce.wayne,AP_INVOICE,Payment for standard services INV-11324
INV-11325,3259.18,2026-03-12,TechSupplies Inc,6040-Freight & Delivery,bob.jones,diana.prince,AP_INVOICE,Payment for standard services INV-11325
INV-11326,2085.33,2026-03-11,TechSupplies Inc,6040-Freight & Delivery,alice.smith,diana.prince,AP_INVOICE,Payment for standard services INV-11326
INV-11327,4175.98,2026-03-06,TechSupplies Inc,6020-IT Cloud Infra,alice.smith,bruce.wayne,AP_INVOICE,Payment for standard services INV-11327
INV-11328,808.95,2026-03-18,Metro Facilities,6010-Office Expense,charlie.brown,frank.castle,AP_INVOICE,Payment for standard services INV-11328
INV-11329,3570.64,2026-03-08,Metro Facilities,6040-Freight & Delivery,emily.watson,diana.prince,AP_INVOICE,Payment for standard services INV-11329
INV-11330,1897.55,2026-03-11,CloudScale Networks,6010-Office Expense,emily.watson,bruce.wayne,AP_INVOICE,Payment for standard services INV-11330
INV-11331,1077.14,2026-03-20,CloudScale Networks,6010-Office Expense,charlie.brown,bruce.wayne,AP_INVOICE,Payment for standard services INV-11331
INV-11332,553.17,2026-03-16,CloudScale Networks,6040-Freight & Delivery,charlie.brown,bruce.wayne,AP_INVOICE,Payment for standard services INV-11332
INV-11333,2354.31,2026-03-04,Metro Facilities,6050-Maintenance,bob.jones,frank.castle,AP_INVOICE,Payment for standard services INV-11333
INV-11334,5319.45,2026-03-21,Delta Freight,6020-IT Cloud Infra,charlie.brown,diana.prince,AP_INVOICE,Payment for standard services INV-11334
INV-11335,4086.68,2026-03-20,Delta Freight,6010-Office Expense,charlie.brown,diana.prince,AP_INVOICE,Payment for standard services INV-11335
INV-11336,3344.29,2026-03-01,Metro Facilities,6020-IT Cloud Infra,alice.smith,diana.prince,AP_INVOICE,Payment for standard services INV-11336
INV-11337,4916.04,2026-03-20,OfficeDepot Co,6020-IT Cloud Infra,emily.watson,diana.prince,AP_INVOICE,Payment for standard services INV-11337
INV-11338,733.63,2026-03-13,Delta Freight,6030-Consulting Fees,bob.jones,diana.prince,AP_INVOICE,Payment for standard services INV-11338
INV-11339,302.04,2026-03-09,Metro Facilities,6040-Freight & Delivery,charlie.brown,diana.prince,AP_INVOICE,Payment for standard services INV-11339
INV-11340,4108.91,2026-03-27,TechSupplies Inc,6050-Maintenance,emily.watson,bruce.wayne,AP_INVOICE,Payment for standard services INV-11340
INV-11341,281.37,2026-03-18,OfficeDepot Co,6030-Consulting Fees,bob.jones,diana.prince,AP_INVOICE,Payment for standard services INV-11341
INV-11342,4614.23,2026-03-11,CloudScale Networks,6020-IT Cloud Infra,emily.watson,bruce.wayne,AP_INVOICE,Payment for standard services INV-11342
INV-11343,3243.87,2026-03-02,TechSupplies Inc,6040-Freight & Delivery,alice.smith,diana.prince,AP_INVOICE,Payment for standard services INV-11343
INV-11344,1169.0,2026-03-19,CloudScale Networks,6020-IT Cloud Infra,alice.smith,diana.prince,AP_INVOICE,Payment for standard services INV-11344
INV-11345,4336.39,2026-03-24,CloudScale Networks,6020-IT Cloud Infra,alice.smith,frank.castle,AP_INVOICE,Payment for standard services INV-11345
INV-11346,1112.37,2026-03-20,CloudScale Networks,6020-IT Cloud Infra,emily.watson,diana.prince,AP_INVOICE,Payment for standard services INV-11346
INV-11347,1562.75,2026-03-03,Delta Freight,6020-IT Cloud Infra,charlie.brown,frank.castle,AP_INVOICE,Payment for standard services INV-11347
INV-11348,3161.61,2026-03-14,Delta Freight,6020-IT Cloud Infra,emily.watson,frank.castle,AP_INVOICE,Payment for standard services INV-11348
INV-11349,3994.0,2026-03-14,CloudScale Networks,6040-Freight & Delivery,alice.smith,frank.castle,AP_INVOICE,Payment for standard services INV-11349
INV-11350,4662.7,2026-03-24,OfficeDepot Co,6050-Maintenance,bob.jones,bruce.wayne,AP_INVOICE,Payment for standard services INV-11350
INV-11351,1995.4,2026-03-18,OfficeDepot Co,6040-Freight & Delivery,charlie.brown,frank.castle,AP_INVOICE,Payment for standard services INV-11351
INV-11352,788.14,2026-03-07,CloudScale Networks,6040-Freight & Delivery,bob.jones,diana.prince,AP_INVOICE,Payment for standard services INV-11352
INV-11353,4311.54,2026-03-13,OfficeDepot Co,6040-Freight & Delivery,emily.watson,frank.castle,AP_INVOICE,Payment for standard services INV-11353
INV-11354,3457.39,2026-03-02,Delta Freight,6030-Consulting Fees,alice.smith,frank.castle,AP_INVOICE,Payment for standard services INV-11354
INV-11355,2831.28,2026-03-09,Metro Facilities,6020-IT Cloud Infra,bob.jones,frank.castle,AP_INVOICE,Payment for standard services INV-11355
INV-11356,4424.22,2026-03-23,OfficeDepot Co,6050-Maintenance,emily.watson,bruce.wayne,AP_INVOICE,Payment for standard services INV-11356
INV-11357,504.56,2026-03-16,Delta Freight,6040-Freight & Delivery,bob.jones,diana.prince,AP_INVOICE,Payment for standard services INV-11357
INV-11358,4083.3,2026-03-15,TechSupplies Inc,6020-IT Cloud Infra,charlie.brown,bruce.wayne,AP_INVOICE,Payment for standard services INV-11358
INV-11359,2044.58,2026-03-04,CloudScale Networks,6050-Maintenance,bob.jones,diana.prince,AP_INVOICE,Payment for standard services INV-11359
INV-11360,3888.8,2026-03-07,Delta Freight,6040-Freight & Delivery,alice.smith,bruce.wayne,AP_INVOICE,Payment for standard services INV-11360
INV-11361,1776.85,2026-03-18,Delta Freight,6030-Consulting Fees,charlie.brown,bruce.wayne,AP_INVOICE,Payment for standard services INV-11361
INV-11362,2403.58,2026-03-21,OfficeDepot Co,6040-Freight & Delivery,alice.smith,diana.prince,AP_INVOICE,Payment for standard services INV-11362
INV-11363,4372.22,2026-03-13,CloudScale Networks,6030-Consulting Fees,bob.jones,bruce.wayne,AP_INVOICE,Payment for standard services INV-11363
INV-11364,582.34,2026-03-03,CloudScale Networks,6040-Freight & Delivery,alice.smith,diana.prince,AP_INVOICE,Payment for standard services INV-11364
INV-11365,2763.76,2026-03-06,Delta Freight,6030-Consulting Fees,emily.watson,diana.prince,AP_INVOICE,Payment for standard services INV-11365
INV-11366,3734.45,2026-03-04,CloudScale Networks,6040-Freight & Delivery,bob.jones,bruce.wayne,AP_INVOICE,Payment for standard services INV-11366
INV-11367,4343.28,2026-03-06,CloudScale Networks,6020-IT Cloud Infra,alice.smith,bruce.wayne,AP_INVOICE,Payment for standard services INV-11367
INV-11368,1712.89,2026-03-06,Delta Freight,6040-Freight & Delivery,alice.smith,bruce.wayne,AP_INVOICE,Payment for standard services INV-11368
INV-11369,475.11,2026-03-01,TechSupplies Inc,6030-Consulting Fees,alice.smith,frank.castle,AP_INVOICE,Payment for standard services INV-11369
INV-11370,2791.17,2026-03-25,TechSupplies Inc,6010-Office Expense,alice.smith,frank.castle,AP_INVOICE,Payment for standard services INV-11370
INV-11371,4727.59,2026-03-26,TechSupplies Inc,6010-Office Expense,bob.jones,bruce.wayne,AP_INVOICE,Payment for standard services INV-11371
INV-11372,3022.17,2026-03-20,OfficeDepot Co,6040-Freight & Delivery,emily.watson,frank.castle,AP_INVOICE,Payment for standard services INV-11372
INV-11373,2112.74,2026-03-22,OfficeDepot Co,6030-Consulting Fees,bob.jones,frank.castle,AP_INVOICE,Payment for standard services INV-11373
INV-11374,3286.66,2026-03-15,OfficeDepot Co,6030-Consulting Fees,alice.smith,diana.prince,AP_INVOICE,Payment for standard services INV-11374
INV-11375,2935.0,2026-03-09,CloudScale Networks,6010-Office Expense,alice.smith,bruce.wayne,AP_INVOICE,Payment for standard services INV-11375
INV-11376,5117.42,2026-03-22,CloudScale Networks,6030-Consulting Fees,emily.watson,bruce.wayne,AP_INVOICE,Payment for standard services INV-11376
INV-11377,2865.22,2026-03-27,Delta Freight,6020-IT Cloud Infra,alice.smith,bruce.wayne,AP_INVOICE,Payment for standard services INV-11377
INV-11378,3347.54,2026-03-20,TechSupplies Inc,6030-Consulting Fees,emily.watson,diana.prince,AP_INVOICE,Payment for standard services INV-11378
INV-11379,3996.84,2026-03-22,TechSupplies Inc,6030-Consulting Fees,emily.watson,frank.castle,AP_INVOICE,Payment for standard services INV-11379
INV-11380,5402.49,2026-03-05,Delta Freight,6030-Consulting Fees,bob.jones,bruce.wayne,AP_INVOICE,Payment for standard services INV-11380
INV-11381,5300.02,2026-03-26,Metro Facilities,6010-Office Expense,bob.jones,frank.castle,AP_INVOICE,Payment for standard services INV-11381
INV-11382,4204.45,2026-03-04,Metro Facilities,6040-Freight & Delivery,bob.jones,frank.castle,AP_INVOICE,Payment for standard services INV-11382
INV-11383,3004.08,2026-03-23,CloudScale Networks,6020-IT Cloud Infra,bob.jones,bruce.wayne,AP_INVOICE,Payment for standard services INV-11383
INV-11384,2222.28,2026-03-25,TechSupplies Inc,6020-IT Cloud Infra,charlie.brown,frank.castle,AP_INVOICE,Payment for standard services INV-11384
INV-11385,3746.73,2026-03-21,Delta Freight,6010-Office Expense,bob.jones,bruce.wayne,AP_INVOICE,Payment for standard services INV-11385
INV-11386,1042.93,2026-03-11,OfficeDepot Co,6020-IT Cloud Infra,alice.smith,bruce.wayne,AP_INVOICE,Payment for standard services INV-11386
INV-11387,3802.99,2026-03-08,Delta Freight,6050-Maintenance,emily.watson,diana.prince,AP_INVOICE,Payment for standard services INV-11387
INV-11388,1596.92,2026-03-19,TechSupplies Inc,6010-Office Expense,charlie.brown,bruce.wayne,AP_INVOICE,Payment for standard services INV-11388
INV-11389,4971.23,2026-03-28,TechSupplies Inc,6050-Maintenance,charlie.brown,diana.prince,AP_INVOICE,Payment for standard services INV-11389
INV-11390,2076.36,2026-03-18,TechSupplies Inc,6030-Consulting Fees,alice.smith,bruce.wayne,AP_INVOICE,Payment for standard services INV-11390
INV-11391,2041.59,2026-03-26,Delta Freight,6030-Consulting Fees,charlie.brown,bruce.wayne,AP_INVOICE,Payment for standard services INV-11391
INV-11392,3382.84,2026-03-01,Metro Facilities,6020-IT Cloud Infra,alice.smith,frank.castle,AP_INVOICE,Payment for standard services INV-11392
INV-11393,2656.18,2026-03-22,CloudScale Networks,6030-Consulting Fees,bob.jones,frank.castle,AP_INVOICE,Payment for standard services INV-11393
INV-11394,3285.1,2026-03-17,CloudScale Networks,6010-Office Expense,charlie.brown,frank.castle,AP_INVOICE,Payment for standard services INV-11394
INV-11395,2713.75,2026-03-10,Metro Facilities,6040-Freight & Delivery,bob.jones,frank.castle,AP_INVOICE,Payment for standard services INV-11395
INV-11396,2437.82,2026-03-26,OfficeDepot Co,6020-IT Cloud Infra,bob.jones,bruce.wayne,AP_INVOICE,Payment for standard services INV-11396
INV-11397,3796.01,2026-03-27,CloudScale Networks,6040-Freight & Delivery,emily.watson,frank.castle,AP_INVOICE,Payment for standard services INV-11397
INV-11398,4728.58,2026-03-14,TechSupplies Inc,6050-Maintenance,emily.watson,frank.castle,AP_INVOICE,Payment for standard services INV-11398
INV-11399,5461.47,2026-03-24,Delta Freight,6040-Freight & Delivery,alice.smith,bruce.wayne,AP_INVOICE,Payment for standard services INV-11399
INV-11400,3634.65,2026-03-05,CloudScale Networks,6050-Maintenance,emily.watson,diana.prince,AP_INVOICE,Payment for standard services INV-11400
INV-11401,4134.29,2026-03-06,TechSupplies Inc,6030-Consulting Fees,emily.watson,bruce.wayne,AP_INVOICE,Payment for standard services INV-11401
INV-11402,2602.34,2026-03-07,Delta Freight,6030-Consulting Fees,bob.jones,diana.prince,AP_INVOICE,Payment for standard services INV-11402
INV-11403,1720.48,2026-03-26,TechSupplies Inc,6030-Consulting Fees,alice.smith,bruce.wayne,AP_INVOICE,Payment for standard services INV-11403
INV-11404,2755.37,2026-03-12,Delta Freight,6020-IT Cloud Infra,alice.smith,diana.prince,AP_INVOICE,Payment for standard services INV-11404
INV-11405,2551.47,2026-03-14,TechSupplies Inc,6010-Office Expense,charlie.brown,bruce.wayne,AP_INVOICE,Payment for standard services INV-11405
INV-11406,4712.47,2026-03-08,Delta Freight,6020-IT Cloud Infra,alice.smith,diana.prince,AP_INVOICE,Payment for standard services INV-11406
INV-11407,1747.78,2026-03-26,Metro Facilities,6020-IT Cloud Infra,emily.watson,bruce.wayne,AP_INVOICE,Payment for standard services INV-11407
INV-11408,957.06,2026-03-21,Delta Freight,6040-Freight & Delivery,charlie.brown,bruce.wayne,AP_INVOICE,Payment for standard services INV-11408
INV-11409,332.95,2026-03-21,TechSupplies Inc,6010-Office Expense,alice.smith,frank.castle,AP_INVOICE,Payment for standard services INV-11409
INV-11410,3050.9,2026-03-23,TechSupplies Inc,6050-Maintenance,emily.watson,frank.castle,AP_INVOICE,Payment for standard services INV-11410
INV-11411,4589.33,2026-03-23,CloudScale Networks,6040-Freight & Delivery,emily.watson,bruce.wayne,AP_INVOICE,Payment for standard services INV-11411
INV-11412,3117.25,2026-03-28,TechSupplies Inc,6030-Consulting Fees,alice.smith,bruce.wayne,AP_INVOICE,Payment for standard services INV-11412
INV-11413,1646.23,2026-03-17,TechSupplies Inc,6040-Freight & Delivery,emily.watson,diana.prince,AP_INVOICE,Payment for standard services INV-11413
INV-11414,3516.22,2026-03-28,TechSupplies Inc,6020-IT Cloud Infra,alice.smith,diana.prince,AP_INVOICE,Payment for standard services INV-11414
INV-11415,1319.21,2026-03-02,Metro Facilities,6040-Freight & Delivery,charlie.brown,diana.prince,AP_INVOICE,Payment for standard services INV-11415
INV-11416,1101.14,2026-03-03,CloudScale Networks,6010-Office Expense,charlie.brown,diana.prince,AP_INVOICE,Payment for standard services INV-11416
INV-11417,4294.48,2026-03-22,OfficeDepot Co,6050-Maintenance,bob.jones,frank.castle,AP_INVOICE,Payment for standard services INV-11417
INV-11418,1510.03,2026-03-19,Metro Facilities,6030-Consulting Fees,emily.watson,diana.prince,AP_INVOICE,Payment for standard services INV-11418
INV-11419,1874.95,2026-03-04,OfficeDepot Co,6050-Maintenance,bob.jones,bruce.wayne,AP_INVOICE,Payment for standard services INV-11419
INV-11420,722.17,2026-03-28,TechSupplies Inc,6020-IT Cloud Infra,bob.jones,frank.castle,AP_INVOICE,Payment for standard services INV-11420
INV-11421,5591.93,2026-03-12,Metro Facilities,6050-Maintenance,bob.jones,bruce.wayne,AP_INVOICE,Payment for standard services INV-11421
INV-11422,3794.43,2026-03-13,Delta Freight,6010-Office Expense,charlie.brown,frank.castle,AP_INVOICE,Payment for standard services INV-11422
INV-11423,1297.09,2026-03-14,Delta Freight,6010-Office Expense,charlie.brown,bruce.wayne,AP_INVOICE,Payment for standard services INV-11423
INV-11424,1992.32,2026-03-23,CloudScale Networks,6010-Office Expense,charlie.brown,bruce.wayne,AP_INVOICE,Payment for standard services INV-11424
INV-11425,4041.84,2026-03-27,Metro Facilities,6050-Maintenance,bob.jones,frank.castle,AP_INVOICE,Payment for standard services INV-11425
INV-11426,5037.31,2026-03-08,Delta Freight,6040-Freight & Delivery,alice.smith,bruce.wayne,AP_INVOICE,Payment for standard services INV-11426
INV-11427,668.17,2026-03-11,TechSupplies Inc,6050-Maintenance,emily.watson,diana.prince,AP_INVOICE,Payment for standard services INV-11427
INV-11428,2280.43,2026-03-09,OfficeDepot Co,6030-Consulting Fees,bob.jones,diana.prince,AP_INVOICE,Payment for standard services INV-11428
INV-11429,1896.47,2026-03-06,CloudScale Networks,6040-Freight & Delivery,alice.smith,diana.prince,AP_INVOICE,Payment for standard services INV-11429
INV-11430,4715.2,2026-03-12,Metro Facilities,6040-Freight & Delivery,alice.smith,bruce.wayne,AP_INVOICE,Payment for standard services INV-11430
INV-11431,4870.81,2026-03-06,Metro Facilities,6030-Consulting Fees,alice.smith,diana.prince,AP_INVOICE,Payment for standard services INV-11431
INV-11432,3934.07,2026-03-19,CloudScale Networks,6030-Consulting Fees,emily.watson,frank.castle,AP_INVOICE,Payment for standard services INV-11432
INV-11433,118.81,2026-03-13,Metro Facilities,6020-IT Cloud Infra,bob.jones,diana.prince,AP_INVOICE,Payment for standard services INV-11433
INV-11434,1721.42,2026-03-15,OfficeDepot Co,6020-IT Cloud Infra,emily.watson,bruce.wayne,AP_INVOICE,Payment for standard services INV-11434
INV-11435,5022.38,2026-03-14,Delta Freight,6050-Maintenance,charlie.brown,frank.castle,AP_INVOICE,Payment for standard services INV-11435
INV-11436,3925.99,2026-03-14,CloudScale Networks,6030-Consulting Fees,alice.smith,frank.castle,AP_INVOICE,Payment for standard services INV-11436
INV-11437,4890.26,2026-03-06,TechSupplies Inc,6010-Office Expense,bob.jones,diana.prince,AP_INVOICE,Payment for standard services INV-11437
INV-11438,817.46,2026-03-14,OfficeDepot Co,6050-Maintenance,emily.watson,diana.prince,AP_INVOICE,Payment for standard services INV-11438
INV-11439,5171.48,2026-03-22,CloudScale Networks,6040-Freight & Delivery,emily.watson,bruce.wayne,AP_INVOICE,Payment for standard services INV-11439
INV-11440,7227.96,2026-03-07,TechSupplies Inc,6040-Freight & Delivery,alice.smith,bruce.wayne,AP_INVOICE,Payment for standard services INV-11440
INV-11441,4820.16,2026-03-24,Delta Freight,6050-Maintenance,charlie.brown,diana.prince,AP_INVOICE,Payment for standard services INV-11441
INV-11442,5090.11,2026-03-15,Metro Facilities,6050-Maintenance,alice.smith,bruce.wayne,AP_INVOICE,Payment for standard services INV-11442
INV-11443,4879.94,2026-03-12,Metro Facilities,6020-IT Cloud Infra,bob.jones,diana.prince,AP_INVOICE,Payment for standard services INV-11443
INV-11444,3396.29,2026-03-06,TechSupplies Inc,6040-Freight & Delivery,emily.watson,frank.castle,AP_INVOICE,Payment for standard services INV-11444
INV-11445,785.3,2026-03-10,CloudScale Networks,6050-Maintenance,alice.smith,frank.castle,AP_INVOICE,Payment for standard services INV-11445
INV-11446,1628.09,2026-03-10,TechSupplies Inc,6050-Maintenance,emily.watson,diana.prince,AP_INVOICE,Payment for standard services INV-11446
INV-11447,5987.06,2026-03-28,Metro Facilities,6010-Office Expense,emily.watson,bruce.wayne,AP_INVOICE,Payment for standard services INV-11447
INV-11448,2086.64,2026-03-12,Metro Facilities,6040-Freight & Delivery,charlie.brown,frank.castle,AP_INVOICE,Payment for standard services INV-11448
INV-11449,1806.12,2026-03-04,CloudScale Networks,6040-Freight & Delivery,charlie.brown,diana.prince,AP_INVOICE,Payment for standard services INV-11449
INV-11450,1249.34,2026-03-04,Metro Facilities,6050-Maintenance,bob.jones,frank.castle,AP_INVOICE,Payment for standard services INV-11450
INV-11451,1143.88,2026-03-12,OfficeDepot Co,6020-IT Cloud Infra,emily.watson,frank.castle,AP_INVOICE,Payment for standard services INV-11451
INV-11452,2307.47,2026-03-15,CloudScale Networks,6050-Maintenance,charlie.brown,diana.prince,AP_INVOICE,Payment for standard services INV-11452
INV-11453,2682.96,2026-03-12,CloudScale Networks,6030-Consulting Fees,emily.watson,diana.prince,AP_INVOICE,Payment for standard services INV-11453
INV-11454,4516.74,2026-03-05,TechSupplies Inc,6020-IT Cloud Infra,charlie.brown,diana.prince,AP_INVOICE,Payment for standard services INV-11454
INV-11455,3947.98,2026-03-22,TechSupplies Inc,6020-IT Cloud Infra,bob.jones,frank.castle,AP_INVOICE,Payment for standard services INV-11455
INV-11456,2434.43,2026-03-23,Delta Freight,6050-Maintenance,emily.watson,bruce.wayne,AP_INVOICE,Payment for standard services INV-11456
INV-11457,3819.28,2026-03-04,Delta Freight,6050-Maintenance,emily.watson,diana.prince,AP_INVOICE,Payment for standard services INV-11457
INV-11458,5388.75,2026-03-01,CloudScale Networks,6020-IT Cloud Infra,charlie.brown,bruce.wayne,AP_INVOICE,Payment for standard services INV-11458
INV-11459,1846.43,2026-03-16,OfficeDepot Co,6040-Freight & Delivery,alice.smith,frank.castle,AP_INVOICE,Payment for standard services INV-11459
INV-11460,2588.57,2026-03-17,Delta Freight,6020-IT Cloud Infra,bob.jones,bruce.wayne,AP_INVOICE,Payment for standard services INV-11460
INV-11461,1505.97,2026-03-27,TechSupplies Inc,6030-Consulting Fees,bob.jones,bruce.wayne,AP_INVOICE,Payment for standard services INV-11461
INV-11462,2627.02,2026-03-28,TechSupplies Inc,6050-Maintenance,bob.jones,diana.prince,AP_INVOICE,Payment for standard services INV-11462
INV-11463,3578.58,2026-03-02,CloudScale Networks,6010-Office Expense,bob.jones,frank.castle,AP_INVOICE,Payment for standard services INV-11463
INV-11464,1112.97,2026-03-07,CloudScale Networks,6040-Freight & Delivery,alice.smith,bruce.wayne,AP_INVOICE,Payment for standard services INV-11464
INV-11465,307.17,2026-03-21,Delta Freight,6050-Maintenance,charlie.brown,bruce.wayne,AP_INVOICE,Payment for standard services INV-11465
INV-11466,2879.88,2026-03-14,Delta Freight,6040-Freight & Delivery,alice.smith,bruce.wayne,AP_INVOICE,Payment for standard services INV-11466
INV-11467,1993.02,2026-03-23,OfficeDepot Co,6030-Consulting Fees,charlie.brown,frank.castle,AP_INVOICE,Payment for standard services INV-11467
INV-11468,1849.64,2026-03-02,TechSupplies Inc,6020-IT Cloud Infra,alice.smith,diana.prince,AP_INVOICE,Payment for standard services INV-11468
INV-11469,2101.02,2026-03-04,OfficeDepot Co,6040-Freight & Delivery,charlie.brown,bruce.wayne,AP_INVOICE,Payment for standard services INV-11469
INV-11470,1522.46,2026-03-04,Delta Freight,6030-Consulting Fees,charlie.brown,frank.castle,AP_INVOICE,Payment for standard services INV-11470
INV-11471,124.03,2026-03-24,Metro Facilities,6020-IT Cloud Infra,charlie.brown,frank.castle,AP_INVOICE,Payment for standard services INV-11471
INV-11472,4464.64,2026-03-21,Metro Facilities,6050-Maintenance,charlie.brown,diana.prince,AP_INVOICE,Payment for standard services INV-11472
INV-11473,3071.09,2026-03-24,TechSupplies Inc,6010-Office Expense,bob.jones,bruce.wayne,AP_INVOICE,Payment for standard services INV-11473
INV-11474,629.18,2026-03-03,CloudScale Networks,6020-IT Cloud Infra,emily.watson,diana.prince,AP_INVOICE,Payment for standard services INV-11474
INV-11475,4378.74,2026-03-24,OfficeDepot Co,6040-Freight & Delivery,bob.jones,bruce.wayne,AP_INVOICE,Payment for standard services INV-11475
INV-11476,722.96,2026-03-12,Delta Freight,6050-Maintenance,charlie.brown,bruce.wayne,AP_INVOICE,Payment for standard services INV-11476
INV-11477,3261.76,2026-03-14,TechSupplies Inc,6040-Freight & Delivery,alice.smith,frank.castle,AP_INVOICE,Payment for standard services INV-11477
INV-11478,5096.52,2026-03-05,TechSupplies Inc,6020-IT Cloud Infra,charlie.brown,bruce.wayne,AP_INVOICE,Payment for standard services INV-11478
INV-11479,4933.36,2026-03-22,TechSupplies Inc,6020-IT Cloud Infra,emily.watson,frank.castle,AP_INVOICE,Payment for standard services INV-11479
INV-11480,2914.43,2026-03-13,TechSupplies Inc,6020-IT Cloud Infra,emily.watson,bruce.wayne,AP_INVOICE,Payment for standard services INV-11480
INV-11481,2329.34,2026-03-01,Metro Facilities,6030-Consulting Fees,bob.jones,diana.prince,AP_INVOICE,Payment for standard services INV-11481
INV-11482,1175.32,2026-03-23,TechSupplies Inc,6050-Maintenance,emily.watson,bruce.wayne,AP_INVOICE,Payment for standard services INV-11482
INV-11483,1875.35,2026-03-04,CloudScale Networks,6030-Consulting Fees,charlie.brown,bruce.wayne,AP_INVOICE,Payment for standard services INV-11483
INV-11484,322.06,2026-03-05,CloudScale Networks,6030-Consulting Fees,alice.smith,bruce.wayne,AP_INVOICE,Payment for standard services INV-11484
INV-11485,2677.65,2026-03-08,CloudScale Networks,6030-Consulting Fees,alice.smith,bruce.wayne,AP_INVOICE,Payment for standard services INV-11485
INV-11486,3109.69,2026-03-20,TechSupplies Inc,6010-Office Expense,charlie.brown,bruce.wayne,AP_INVOICE,Payment for standard services INV-11486
INV-11487,3242.09,2026-03-20,Metro Facilities,6030-Consulting Fees,bob.jones,frank.castle,AP_INVOICE,Payment for standard services INV-11487
INV-11488,5083.69,2026-03-09,TechSupplies Inc,6030-Consulting Fees,bob.jones,bruce.wayne,AP_INVOICE,Payment for standard services INV-11488
INV-11489,4945.82,2026-03-24,Metro Facilities,6050-Maintenance,alice.smith,bruce.wayne,AP_INVOICE,Payment for standard services INV-11489
INV-11490,5253.13,2026-03-08,OfficeDepot Co,6050-Maintenance,bob.jones,frank.castle,AP_INVOICE,Payment for standard services INV-11490
INV-11491,1203.93,2026-03-24,Delta Freight,6020-IT Cloud Infra,emily.watson,diana.prince,AP_INVOICE,Payment for standard services INV-11491
INV-11492,2432.57,2026-03-15,Delta Freight,6010-Office Expense,emily.watson,diana.prince,AP_INVOICE,Payment for standard services INV-11492
INV-11493,4405.21,2026-03-06,CloudScale Networks,6050-Maintenance,emily.watson,bruce.wayne,AP_INVOICE,Payment for standard services INV-11493
INV-11494,584.33,2026-03-20,CloudScale Networks,6020-IT Cloud Infra,emily.watson,bruce.wayne,AP_INVOICE,Payment for standard services INV-11494
INV-11495,819.81,2026-03-13,Delta Freight,6020-IT Cloud Infra,emily.watson,bruce.wayne,AP_INVOICE,Payment for standard services INV-11495
INV-11496,2686.15,2026-03-13,TechSupplies Inc,6050-Maintenance,alice.smith,frank.castle,AP_INVOICE,Payment for standard services INV-11496
INV-11497,4143.97,2026-03-09,TechSupplies Inc,6020-IT Cloud Infra,bob.jones,diana.prince,AP_INVOICE,Payment for standard services INV-11497
INV-11498,3209.9,2026-03-24,TechSupplies Inc,6010-Office Expense,alice.smith,bruce.wayne,AP_INVOICE,Payment for standard services INV-11498
INV-11499,5032.39,2026-03-25,TechSupplies Inc,6020-IT Cloud Infra,bob.jones,frank.castle,AP_INVOICE,Payment for standard services INV-11499
INV-11500,2599.55,2026-03-05,CloudScale Networks,6030-Consulting Fees,charlie.brown,frank.castle,AP_INVOICE,Payment for standard services INV-11500
INV-11501,2847.95,2026-03-27,OfficeDepot Co,6050-Maintenance,alice.smith,diana.prince,AP_INVOICE,Payment for standard services INV-11501
INV-11502,2748.26,2026-03-01,TechSupplies Inc,6050-Maintenance,emily.watson,diana.prince,AP_INVOICE,Payment for standard services INV-11502
INV-11503,1224.31,2026-03-21,Delta Freight,6040-Freight & Delivery,bob.jones,frank.castle,AP_INVOICE,Payment for standard services INV-11503
INV-11504,4761.36,2026-03-04,Delta Freight,6010-Office Expense,emily.watson,diana.prince,AP_INVOICE,Payment for standard services INV-11504
INV-11505,4897.19,2026-03-11,OfficeDepot Co,6030-Consulting Fees,alice.smith,bruce.wayne,AP_INVOICE,Payment for standard services INV-11505
INV-11506,4674.05,2026-03-14,TechSupplies Inc,6010-Office Expense,bob.jones,diana.prince,AP_INVOICE,Payment for standard services INV-11506
INV-11507,3342.28,2026-03-27,Delta Freight,6020-IT Cloud Infra,charlie.brown,bruce.wayne,AP_INVOICE,Payment for standard services INV-11507
INV-11508,4530.48,2026-03-26,OfficeDepot Co,6040-Freight & Delivery,charlie.brown,frank.castle,AP_INVOICE,Payment for standard services INV-11508
INV-11509,5064.18,2026-03-05,TechSupplies Inc,6020-IT Cloud Infra,bob.jones,frank.castle,AP_INVOICE,Payment for standard services INV-11509
INV-11510,3832.38,2026-03-14,Delta Freight,6010-Office Expense,alice.smith,bruce.wayne,AP_INVOICE,Payment for standard services INV-11510
INV-11511,2843.45,2026-03-25,TechSupplies Inc,6030-Consulting Fees,bob.jones,diana.prince,AP_INVOICE,Payment for standard services INV-11511
INV-11512,1822.16,2026-03-26,Delta Freight,6040-Freight & Delivery,emily.watson,bruce.wayne,AP_INVOICE,Payment for standard services INV-11512
INV-11513,1155.24,2026-03-16,CloudScale Networks,6040-Freight & Delivery,emily.watson,bruce.wayne,AP_INVOICE,Payment for standard services INV-11513
INV-11514,2816.3,2026-03-19,Metro Facilities,6020-IT Cloud Infra,emily.watson,diana.prince,AP_INVOICE,Payment for standard services INV-11514
INV-11515,3204.21,2026-03-01,CloudScale Networks,6010-Office Expense,bob.jones,frank.castle,AP_INVOICE,Payment for standard services INV-11515
INV-11516,4356.73,2026-03-04,OfficeDepot Co,6050-Maintenance,emily.watson,diana.prince,AP_INVOICE,Payment for standard services INV-11516
INV-11517,1780.89,2026-03-27,CloudScale Networks,6030-Consulting Fees,emily.watson,diana.prince,AP_INVOICE,Payment for standard services INV-11517
INV-11518,5723.13,2026-03-02,Delta Freight,6020-IT Cloud Infra,bob.jones,diana.prince,AP_INVOICE,Payment for standard services INV-11518
INV-11519,1213.46,2026-03-14,CloudScale Networks,6040-Freight & Delivery,alice.smith,bruce.wayne,AP_INVOICE,Payment for standard services INV-11519
INV-11520,3719.12,2026-03-28,Metro Facilities,6010-Office Expense,emily.watson,bruce.wayne,AP_INVOICE,Payment for standard services INV-11520
INV-11521,820.45,2026-03-01,CloudScale Networks,6010-Office Expense,bob.jones,diana.prince,AP_INVOICE,Payment for standard services INV-11521
INV-11522,4449.35,2026-03-05,CloudScale Networks,6020-IT Cloud Infra,emily.watson,bruce.wayne,AP_INVOICE,Payment for standard services INV-11522
INV-11523,4116.27,2026-03-11,OfficeDepot Co,6040-Freight & Delivery,emily.watson,bruce.wayne,AP_INVOICE,Payment for standard services INV-11523
INV-11524,3491.91,2026-03-02,TechSupplies Inc,6030-Consulting Fees,alice.smith,diana.prince,AP_INVOICE,Payment for standard services INV-11524
INV-11525,1128.75,2026-03-13,CloudScale Networks,6050-Maintenance,bob.jones,diana.prince,AP_INVOICE,Payment for standard services INV-11525
INV-11526,4207.25,2026-03-17,Delta Freight,6050-Maintenance,charlie.brown,bruce.wayne,AP_INVOICE,Payment for standard services INV-11526
INV-11527,1308.7,2026-03-13,CloudScale Networks,6030-Consulting Fees,alice.smith,bruce.wayne,AP_INVOICE,Payment for standard services INV-11527
INV-11528,2350.43,2026-03-13,CloudScale Networks,6040-Freight & Delivery,alice.smith,diana.prince,AP_INVOICE,Payment for standard services INV-11528
INV-11529,3823.85,2026-03-15,Metro Facilities,6050-Maintenance,alice.smith,bruce.wayne,AP_INVOICE,Payment for standard services INV-11529
INV-11530,3559.01,2026-03-26,Delta Freight,6040-Freight & Delivery,bob.jones,diana.prince,AP_INVOICE,Payment for standard services INV-11530
INV-11531,2335.84,2026-03-12,OfficeDepot Co,6010-Office Expense,alice.smith,diana.prince,AP_INVOICE,Payment for standard services INV-11531
INV-11532,4650.51,2026-03-18,TechSupplies Inc,6020-IT Cloud Infra,charlie.brown,diana.prince,AP_INVOICE,Payment for standard services INV-11532
INV-11533,1118.09,2026-03-07,TechSupplies Inc,6030-Consulting Fees,bob.jones,bruce.wayne,AP_INVOICE,Payment for standard services INV-11533
INV-11534,629.24,2026-03-26,OfficeDepot Co,6010-Office Expense,alice.smith,bruce.wayne,AP_INVOICE,Payment for standard services INV-11534
INV-11535,547.34,2026-03-25,TechSupplies Inc,6030-Consulting Fees,alice.smith,frank.castle,AP_INVOICE,Payment for standard services INV-11535
INV-11536,2146.03,2026-03-12,CloudScale Networks,6030-Consulting Fees,emily.watson,bruce.wayne,AP_INVOICE,Payment for standard services INV-11536
INV-11537,5156.03,2026-03-17,TechSupplies Inc,6030-Consulting Fees,emily.watson,bruce.wayne,AP_INVOICE,Payment for standard services INV-11537
INV-11538,4087.31,2026-03-19,CloudScale Networks,6010-Office Expense,emily.watson,frank.castle,AP_INVOICE,Payment for standard services INV-11538
INV-11539,1110.67,2026-03-21,CloudScale Networks,6020-IT Cloud Infra,emily.watson,diana.prince,AP_INVOICE,Payment for standard services INV-11539
INV-11540,3639.2,2026-03-17,CloudScale Networks,6020-IT Cloud Infra,bob.jones,bruce.wayne,AP_INVOICE,Payment for standard services INV-11540
INV-11541,5236.31,2026-03-11,Metro Facilities,6030-Consulting Fees,emily.watson,diana.prince,AP_INVOICE,Payment for standard services INV-11541
INV-11542,3275.77,2026-03-07,Delta Freight,6010-Office Expense,emily.watson,diana.prince,AP_INVOICE,Payment for standard services INV-11542
INV-11543,5653.86,2026-03-26,CloudScale Networks,6050-Maintenance,emily.watson,diana.prince,AP_INVOICE,Payment for standard services INV-11543
INV-11544,3840.7,2026-03-04,OfficeDepot Co,6050-Maintenance,alice.smith,frank.castle,AP_INVOICE,Payment for standard services INV-11544
INV-11545,1129.87,2026-03-19,OfficeDepot Co,6020-IT Cloud Infra,alice.smith,frank.castle,AP_INVOICE,Payment for standard services INV-11545
INV-11546,658.43,2026-03-09,CloudScale Networks,6040-Freight & Delivery,charlie.brown,frank.castle,AP_INVOICE,Payment for standard services INV-11546
INV-11547,2863.95,2026-03-12,CloudScale Networks,6010-Office Expense,emily.watson,diana.prince,AP_INVOICE,Payment for standard services INV-11547
INV-11548,2892.24,2026-03-17,Metro Facilities,6020-IT Cloud Infra,emily.watson,frank.castle,AP_INVOICE,Payment for standard services INV-11548
INV-11549,5599.18,2026-03-15,OfficeDepot Co,6010-Office Expense,emily.watson,bruce.wayne,AP_INVOICE,Payment for standard services INV-11549
INV-11550,4516.15,2026-03-26,TechSupplies Inc,6050-Maintenance,alice.smith,bruce.wayne,AP_INVOICE,Payment for standard services INV-11550
INV-11551,4234.32,2026-03-13,TechSupplies Inc,6020-IT Cloud Infra,alice.smith,frank.castle,AP_INVOICE,Payment for standard services INV-11551
INV-11552,2079.91,2026-03-22,TechSupplies Inc,6020-IT Cloud Infra,emily.watson,frank.castle,AP_INVOICE,Payment for standard services INV-11552
INV-11553,2378.9,2026-03-06,Metro Facilities,6040-Freight & Delivery,alice.smith,diana.prince,AP_INVOICE,Payment for standard services INV-11553
INV-11554,5180.3,2026-03-11,Delta Freight,6040-Freight & Delivery,bob.jones,frank.castle,AP_INVOICE,Payment for standard services INV-11554
INV-11555,1748.68,2026-03-24,Metro Facilities,6040-Freight & Delivery,bob.jones,bruce.wayne,AP_INVOICE,Payment for standard services INV-11555
INV-11556,1690.1,2026-03-05,TechSupplies Inc,6050-Maintenance,bob.jones,frank.castle,AP_INVOICE,Payment for standard services INV-11556
INV-11557,2067.74,2026-03-26,TechSupplies Inc,6050-Maintenance,emily.watson,diana.prince,AP_INVOICE,Payment for standard services INV-11557
INV-11558,2358.13,2026-03-28,Delta Freight,6020-IT Cloud Infra,alice.smith,diana.prince,AP_INVOICE,Payment for standard services INV-11558
INV-11559,3805.94,2026-03-06,Delta Freight,6030-Consulting Fees,charlie.brown,bruce.wayne,AP_INVOICE,Payment for standard services INV-11559
INV-11560,394.88,2026-03-15,Delta Freight,6010-Office Expense,charlie.brown,bruce.wayne,AP_INVOICE,Payment for standard services INV-11560
INV-11561,3551.23,2026-03-14,OfficeDepot Co,6020-IT Cloud Infra,alice.smith,diana.prince,AP_INVOICE,Payment for standard services INV-11561
INV-11562,3956.71,2026-03-16,CloudScale Networks,6020-IT Cloud Infra,charlie.brown,frank.castle,AP_INVOICE,Payment for standard services INV-11562
INV-11563,3737.65,2026-03-19,CloudScale Networks,6040-Freight & Delivery,charlie.brown,bruce.wayne,AP_INVOICE,Payment for standard services INV-11563
INV-11564,281.36,2026-03-22,Metro Facilities,6020-IT Cloud Infra,alice.smith,bruce.wayne,AP_INVOICE,Payment for standard services INV-11564
INV-11565,1120.4,2026-03-05,OfficeDepot Co,6010-Office Expense,bob.jones,frank.castle,AP_INVOICE,Payment for standard services INV-11565
INV-11566,1900.29,2026-03-27,Delta Freight,6030-Consulting Fees,alice.smith,frank.castle,AP_INVOICE,Payment for standard services INV-11566
INV-11567,4051.17,2026-03-24,Metro Facilities,6010-Office Expense,alice.smith,diana.prince,AP_INVOICE,Payment for standard services INV-11567
INV-11568,3845.82,2026-03-12,Metro Facilities,6020-IT Cloud Infra,emily.watson,diana.prince,AP_INVOICE,Payment for standard services INV-11568
INV-11569,1069.82,2026-03-01,Metro Facilities,6010-Office Expense,charlie.brown,frank.castle,AP_INVOICE,Payment for standard services INV-11569
INV-11570,1703.51,2026-03-14,TechSupplies Inc,6040-Freight & Delivery,emily.watson,frank.castle,AP_INVOICE,Payment for standard services INV-11570
INV-11571,4337.7,2026-03-06,Delta Freight,6050-Maintenance,charlie.brown,diana.prince,AP_INVOICE,Payment for standard services INV-11571
INV-11572,2148.18,2026-03-14,Metro Facilities,6050-Maintenance,bob.jones,bruce.wayne,AP_INVOICE,Payment for standard services INV-11572
INV-11573,4443.26,2026-03-26,Delta Freight,6030-Consulting Fees,alice.smith,diana.prince,AP_INVOICE,Payment for standard services INV-11573
INV-11574,1274.24,2026-03-16,TechSupplies Inc,6050-Maintenance,emily.watson,diana.prince,AP_INVOICE,Payment for standard services INV-11574
INV-11575,3746.62,2026-03-19,Metro Facilities,6010-Office Expense,emily.watson,bruce.wayne,AP_INVOICE,Payment for standard services INV-11575
INV-11576,4079.53,2026-03-18,Delta Freight,6020-IT Cloud Infra,bob.jones,frank.castle,AP_INVOICE,Payment for standard services INV-11576
INV-11577,1201.75,2026-03-14,Delta Freight,6010-Office Expense,charlie.brown,frank.castle,AP_INVOICE,Payment for standard services INV-11577
INV-11578,4301.5,2026-03-17,Delta Freight,6010-Office Expense,charlie.brown,diana.prince,AP_INVOICE,Payment for standard services INV-11578
INV-11579,4549.32,2026-03-08,OfficeDepot Co,6030-Consulting Fees,emily.watson,bruce.wayne,AP_INVOICE,Payment for standard services INV-11579
INV-11580,4548.08,2026-03-26,TechSupplies Inc,6010-Office Expense,alice.smith,diana.prince,AP_INVOICE,Payment for standard services INV-11580
INV-11581,4296.44,2026-03-19,Metro Facilities,6030-Consulting Fees,charlie.brown,diana.prince,AP_INVOICE,Payment for standard services INV-11581
INV-11582,3438.71,2026-03-26,Delta Freight,6020-IT Cloud Infra,emily.watson,diana.prince,AP_INVOICE,Payment for standard services INV-11582
INV-11583,3360.54,2026-03-17,Delta Freight,6020-IT Cloud Infra,emily.watson,frank.castle,AP_INVOICE,Payment for standard services INV-11583
INV-11584,1240.16,2026-03-19,CloudScale Networks,6050-Maintenance,alice.smith,bruce.wayne,AP_INVOICE,Payment for standard services INV-11584
INV-11585,4906.92,2026-03-07,OfficeDepot Co,6050-Maintenance,bob.jones,frank.castle,AP_INVOICE,Payment for standard services INV-11585
INV-11586,182.0,2026-03-20,TechSupplies Inc,6050-Maintenance,bob.jones,diana.prince,AP_INVOICE,Payment for standard services INV-11586
INV-11587,5157.06,2026-03-24,TechSupplies Inc,6050-Maintenance,emily.watson,diana.prince,AP_INVOICE,Payment for standard services INV-11587
INV-11588,5513.44,2026-03-08,OfficeDepot Co,6020-IT Cloud Infra,bob.jones,bruce.wayne,AP_INVOICE,Payment for standard services INV-11588
INV-11589,2840.26,2026-03-02,CloudScale Networks,6040-Freight & Delivery,charlie.brown,bruce.wayne,AP_INVOICE,Payment for standard services INV-11589
INV-11590,4820.22,2026-03-15,TechSupplies Inc,6050-Maintenance,alice.smith,diana.prince,AP_INVOICE,Payment for standard services INV-11590
INV-11591,1801.21,2026-03-03,CloudScale Networks,6030-Consulting Fees,charlie.brown,diana.prince,AP_INVOICE,Payment for standard services INV-11591
INV-11592,4260.91,2026-03-26,CloudScale Networks,6040-Freight & Delivery,alice.smith,frank.castle,AP_INVOICE,Payment for standard services INV-11592
INV-11593,387.13,2026-03-11,TechSupplies Inc,6020-IT Cloud Infra,emily.watson,frank.castle,AP_INVOICE,Payment for standard services INV-11593
INV-11594,2711.64,2026-03-06,CloudScale Networks,6020-IT Cloud Infra,charlie.brown,diana.prince,AP_INVOICE,Payment for standard services INV-11594
INV-11595,3644.78,2026-03-16,TechSupplies Inc,6010-Office Expense,charlie.brown,frank.castle,AP_INVOICE,Payment for standard services INV-11595
INV-11596,5380.71,2026-03-07,TechSupplies Inc,6020-IT Cloud Infra,charlie.brown,diana.prince,AP_INVOICE,Payment for standard services INV-11596
INV-11597,3103.67,2026-03-28,Metro Facilities,6050-Maintenance,bob.jones,diana.prince,AP_INVOICE,Payment for standard services INV-11597
INV-11598,4698.16,2026-03-03,TechSupplies Inc,6030-Consulting Fees,bob.jones,diana.prince,AP_INVOICE,Payment for standard services INV-11598
INV-11599,5285.3,2026-03-03,OfficeDepot Co,6030-Consulting Fees,emily.watson,diana.prince,AP_INVOICE,Payment for standard services INV-11599
INV-11600,2954.82,2026-03-17,OfficeDepot Co,6040-Freight & Delivery,emily.watson,frank.castle,AP_INVOICE,Payment for standard services INV-11600
INV-11601,5928.85,2026-03-28,OfficeDepot Co,6020-IT Cloud Infra,bob.jones,bruce.wayne,AP_INVOICE,Payment for standard services INV-11601
INV-11602,2395.02,2026-03-26,Delta Freight,6010-Office Expense,charlie.brown,diana.prince,AP_INVOICE,Payment for standard services INV-11602
INV-11603,3716.79,2026-03-24,Delta Freight,6040-Freight & Delivery,emily.watson,bruce.wayne,AP_INVOICE,Payment for standard services INV-11603
INV-11604,1743.21,2026-03-07,TechSupplies Inc,6050-Maintenance,emily.watson,frank.castle,AP_INVOICE,Payment for standard services INV-11604
INV-11605,2252.87,2026-03-17,TechSupplies Inc,6040-Freight & Delivery,bob.jones,diana.prince,AP_INVOICE,Payment for standard services INV-11605
INV-11606,2186.24,2026-03-01,Metro Facilities,6050-Maintenance,charlie.brown,frank.castle,AP_INVOICE,Payment for standard services INV-11606
INV-11607,4101.91,2026-03-03,Delta Freight,6020-IT Cloud Infra,charlie.brown,diana.prince,AP_INVOICE,Payment for standard services INV-11607
INV-11608,1973.62,2026-03-11,CloudScale Networks,6030-Consulting Fees,alice.smith,diana.prince,AP_INVOICE,Payment for standard services INV-11608
INV-11609,4111.41,2026-03-18,CloudScale Networks,6040-Freight & Delivery,charlie.brown,diana.prince,AP_INVOICE,Payment for standard services INV-11609
INV-11610,1456.07,2026-03-18,CloudScale Networks,6050-Maintenance,bob.jones,diana.prince,AP_INVOICE,Payment for standard services INV-11610
INV-11611,3190.05,2026-03-25,TechSupplies Inc,6050-Maintenance,emily.watson,bruce.wayne,AP_INVOICE,Payment for standard services INV-11611
INV-11612,4325.92,2026-03-16,CloudScale Networks,6020-IT Cloud Infra,alice.smith,frank.castle,AP_INVOICE,Payment for standard services INV-11612
INV-11613,1400.9,2026-03-20,TechSupplies Inc,6010-Office Expense,emily.watson,diana.prince,AP_INVOICE,Payment for standard services INV-11613
INV-11614,2098.58,2026-03-21,Metro Facilities,6010-Office Expense,charlie.brown,diana.prince,AP_INVOICE,Payment for standard services INV-11614
INV-11615,3571.21,2026-03-27,TechSupplies Inc,6040-Freight & Delivery,charlie.brown,diana.prince,AP_INVOICE,Payment for standard services INV-11615
INV-11616,1727.74,2026-03-21,Metro Facilities,6050-Maintenance,alice.smith,frank.castle,AP_INVOICE,Payment for standard services INV-11616
INV-11617,2362.15,2026-03-25,Delta Freight,6030-Consulting Fees,charlie.brown,frank.castle,AP_INVOICE,Payment for standard services INV-11617
INV-11618,599.01,2026-03-10,OfficeDepot Co,6040-Freight & Delivery,alice.smith,frank.castle,AP_INVOICE,Payment for standard services INV-11618
INV-11619,2814.87,2026-03-08,TechSupplies Inc,6030-Consulting Fees,alice.smith,diana.prince,AP_INVOICE,Payment for standard services INV-11619
INV-11620,83.93,2026-03-06,TechSupplies Inc,6030-Consulting Fees,emily.watson,diana.prince,AP_INVOICE,Payment for standard services INV-11620
INV-11621,3664.76,2026-03-28,OfficeDepot Co,6050-Maintenance,alice.smith,bruce.wayne,AP_INVOICE,Payment for standard services INV-11621
INV-11622,4442.03,2026-03-03,TechSupplies Inc,6010-Office Expense,alice.smith,frank.castle,AP_INVOICE,Payment for standard services INV-11622
INV-11623,3580.5,2026-03-19,Delta Freight,6030-Consulting Fees,bob.jones,diana.prince,AP_INVOICE,Payment for standard services INV-11623
INV-11624,918.04,2026-03-15,CloudScale Networks,6050-Maintenance,emily.watson,bruce.wayne,AP_INVOICE,Payment for standard services INV-11624
INV-11625,3110.1,2026-03-16,CloudScale Networks,6050-Maintenance,emily.watson,bruce.wayne,AP_INVOICE,Payment for standard services INV-11625
INV-11626,3301.3,2026-03-25,Delta Freight,6020-IT Cloud Infra,alice.smith,frank.castle,AP_INVOICE,Payment for standard services INV-11626
INV-11627,581.23,2026-03-03,Metro Facilities,6020-IT Cloud Infra,bob.jones,bruce.wayne,AP_INVOICE,Payment for standard services INV-11627
INV-11628,2513.24,2026-03-27,CloudScale Networks,6010-Office Expense,bob.jones,frank.castle,AP_INVOICE,Payment for standard services INV-11628
INV-11629,2662.16,2026-03-23,OfficeDepot Co,6020-IT Cloud Infra,charlie.brown,frank.castle,AP_INVOICE,Payment for standard services INV-11629
INV-11630,1050.78,2026-03-12,Metro Facilities,6010-Office Expense,bob.jones,diana.prince,AP_INVOICE,Payment for standard services INV-11630
INV-11631,2486.82,2026-03-07,Metro Facilities,6050-Maintenance,bob.jones,frank.castle,AP_INVOICE,Payment for standard services INV-11631
INV-11632,2153.24,2026-03-15,OfficeDepot Co,6050-Maintenance,alice.smith,diana.prince,AP_INVOICE,Payment for standard services INV-11632
INV-11633,4667.76,2026-03-09,CloudScale Networks,6010-Office Expense,emily.watson,diana.prince,AP_INVOICE,Payment for standard services INV-11633
INV-11634,3325.86,2026-03-18,Delta Freight,6030-Consulting Fees,charlie.brown,diana.prince,AP_INVOICE,Payment for standard services INV-11634
INV-11635,2202.57,2026-03-11,CloudScale Networks,6040-Freight & Delivery,emily.watson,bruce.wayne,AP_INVOICE,Payment for standard services INV-11635
INV-11636,1394.8,2026-03-14,TechSupplies Inc,6010-Office Expense,emily.watson,bruce.wayne,AP_INVOICE,Payment for standard services INV-11636
INV-11637,1052.37,2026-03-20,CloudScale Networks,6050-Maintenance,charlie.brown,bruce.wayne,AP_INVOICE,Payment for standard services INV-11637
INV-11638,2479.7,2026-03-04,TechSupplies Inc,6020-IT Cloud Infra,alice.smith,diana.prince,AP_INVOICE,Payment for standard services INV-11638
INV-11639,212.65,2026-03-04,OfficeDepot Co,6020-IT Cloud Infra,alice.smith,bruce.wayne,AP_INVOICE,Payment for standard services INV-11639
INV-11640,4559.17,2026-03-08,Delta Freight,6040-Freight & Delivery,emily.watson,diana.prince,AP_INVOICE,Payment for standard services INV-11640
INV-11641,4994.63,2026-03-26,OfficeDepot Co,6040-Freight & Delivery,bob.jones,diana.prince,AP_INVOICE,Payment for standard services INV-11641
INV-11642,3290.56,2026-03-06,Metro Facilities,6030-Consulting Fees,alice.smith,diana.prince,AP_INVOICE,Payment for standard services INV-11642
INV-11643,3820.19,2026-03-11,Delta Freight,6030-Consulting Fees,bob.jones,diana.prince,AP_INVOICE,Payment for standard services INV-11643
INV-11644,1356.34,2026-03-22,OfficeDepot Co,6040-Freight & Delivery,bob.jones,diana.prince,AP_INVOICE,Payment for standard services INV-11644
INV-11645,1966.55,2026-03-22,CloudScale Networks,6030-Consulting Fees,alice.smith,diana.prince,AP_INVOICE,Payment for standard services INV-11645
INV-11646,701.26,2026-03-28,OfficeDepot Co,6040-Freight & Delivery,alice.smith,frank.castle,AP_INVOICE,Payment for standard services INV-11646
INV-11647,683.8,2026-03-17,TechSupplies Inc,6050-Maintenance,charlie.brown,diana.prince,AP_INVOICE,Payment for standard services INV-11647
INV-11648,4092.17,2026-03-11,TechSupplies Inc,6010-Office Expense,charlie.brown,bruce.wayne,AP_INVOICE,Payment for standard services INV-11648
INV-11649,3947.9,2026-03-12,Metro Facilities,6030-Consulting Fees,emily.watson,frank.castle,AP_INVOICE,Payment for standard services INV-11649
INV-11650,4416.71,2026-03-09,OfficeDepot Co,6030-Consulting Fees,emily.watson,diana.prince,AP_INVOICE,Payment for standard services INV-11650
INV-11651,4164.75,2026-03-22,TechSupplies Inc,6020-IT Cloud Infra,emily.watson,diana.prince,AP_INVOICE,Payment for standard services INV-11651
INV-11652,4101.18,2026-03-07,TechSupplies Inc,6020-IT Cloud Infra,emily.watson,frank.castle,AP_INVOICE,Payment for standard services INV-11652
INV-11653,1591.07,2026-03-22,Delta Freight,6010-Office Expense,charlie.brown,bruce.wayne,AP_INVOICE,Payment for standard services INV-11653
INV-11654,4917.1,2026-03-12,Metro Facilities,6020-IT Cloud Infra,charlie.brown,bruce.wayne,AP_INVOICE,Payment for standard services INV-11654
INV-11655,2946.37,2026-03-02,Delta Freight,6030-Consulting Fees,charlie.brown,diana.prince,AP_INVOICE,Payment for standard services INV-11655
INV-11656,3902.02,2026-03-19,Metro Facilities,6010-Office Expense,emily.watson,frank.castle,AP_INVOICE,Payment for standard services INV-11656
INV-11657,5514.85,2026-03-22,OfficeDepot Co,6010-Office Expense,alice.smith,frank.castle,AP_INVOICE,Payment for standard services INV-11657
INV-11658,3479.42,2026-03-16,Metro Facilities,6030-Consulting Fees,bob.jones,frank.castle,AP_INVOICE,Payment for standard services INV-11658
INV-11659,4153.95,2026-03-10,TechSupplies Inc,6040-Freight & Delivery,alice.smith,diana.prince,AP_INVOICE,Payment for standard services INV-11659
INV-11660,1411.49,2026-03-12,Delta Freight,6030-Consulting Fees,alice.smith,frank.castle,AP_INVOICE,Payment for standard services INV-11660
INV-11661,499.0,2026-03-26,OfficeDepot Co,6020-IT Cloud Infra,charlie.brown,frank.castle,AP_INVOICE,Payment for standard services INV-11661
INV-11662,4211.56,2026-03-09,Metro Facilities,6020-IT Cloud Infra,alice.smith,bruce.wayne,AP_INVOICE,Payment for standard services INV-11662
INV-11663,3737.19,2026-03-08,Delta Freight,6050-Maintenance,alice.smith,frank.castle,AP_INVOICE,Payment for standard services INV-11663
INV-11664,4680.04,2026-03-04,CloudScale Networks,6040-Freight & Delivery,emily.watson,frank.castle,AP_INVOICE,Payment for standard services INV-11664
INV-11665,5607.63,2026-03-14,Metro Facilities,6030-Consulting Fees,bob.jones,bruce.wayne,AP_INVOICE,Payment for standard services INV-11665
INV-11666,2130.41,2026-03-05,Metro Facilities,6020-IT Cloud Infra,bob.jones,frank.castle,AP_INVOICE,Payment for standard services INV-11666
INV-11667,1247.9,2026-03-21,OfficeDepot Co,6010-Office Expense,charlie.brown,bruce.wayne,AP_INVOICE,Payment for standard services INV-11667
INV-11668,1203.27,2026-03-15,Delta Freight,6010-Office Expense,bob.jones,bruce.wayne,AP_INVOICE,Payment for standard services INV-11668
INV-11669,3057.11,2026-03-15,OfficeDepot Co,6040-Freight & Delivery,charlie.brown,frank.castle,AP_INVOICE,Payment for standard services INV-11669
INV-11670,2302.71,2026-03-03,TechSupplies Inc,6050-Maintenance,alice.smith,frank.castle,AP_INVOICE,Payment for standard services INV-11670
INV-11671,3714.39,2026-03-20,OfficeDepot Co,6020-IT Cloud Infra,charlie.brown,diana.prince,AP_INVOICE,Payment for standard services INV-11671
INV-11672,3184.87,2026-03-13,OfficeDepot Co,6010-Office Expense,emily.watson,diana.prince,AP_INVOICE,Payment for standard services INV-11672
INV-11673,2818.42,2026-03-02,Metro Facilities,6040-Freight & Delivery,alice.smith,diana.prince,AP_INVOICE,Payment for standard services INV-11673
INV-11674,5072.73,2026-03-19,TechSupplies Inc,6030-Consulting Fees,alice.smith,frank.castle,AP_INVOICE,Payment for standard services INV-11674
INV-11675,1958.76,2026-03-07,TechSupplies Inc,6010-Office Expense,alice.smith,bruce.wayne,AP_INVOICE,Payment for standard services INV-11675
INV-11676,3141.42,2026-03-21,Delta Freight,6020-IT Cloud Infra,bob.jones,bruce.wayne,AP_INVOICE,Payment for standard services INV-11676
INV-11677,2371.97,2026-03-23,OfficeDepot Co,6010-Office Expense,emily.watson,bruce.wayne,AP_INVOICE,Payment for standard services INV-11677
INV-11678,445.85,2026-03-04,CloudScale Networks,6050-Maintenance,alice.smith,bruce.wayne,AP_INVOICE,Payment for standard services INV-11678
INV-11679,654.78,2026-03-02,TechSupplies Inc,6050-Maintenance,emily.watson,frank.castle,AP_INVOICE,Payment for standard services INV-11679
INV-11680,2678.55,2026-03-09,Delta Freight,6020-IT Cloud Infra,bob.jones,bruce.wayne,AP_INVOICE,Payment for standard services INV-11680
INV-11681,4185.68,2026-03-21,Metro Facilities,6010-Office Expense,emily.watson,diana.prince,AP_INVOICE,Payment for standard services INV-11681
INV-11682,726.87,2026-03-16,CloudScale Networks,6020-IT Cloud Infra,bob.jones,frank.castle,AP_INVOICE,Payment for standard services INV-11682
INV-11683,3495.15,2026-03-09,Metro Facilities,6040-Freight & Delivery,charlie.brown,bruce.wayne,AP_INVOICE,Payment for standard services INV-11683
INV-11684,3714.6,2026-03-05,TechSupplies Inc,6040-Freight & Delivery,emily.watson,frank.castle,AP_INVOICE,Payment for standard services INV-11684
INV-11685,2303.61,2026-03-10,Metro Facilities,6040-Freight & Delivery,alice.smith,bruce.wayne,AP_INVOICE,Payment for standard services INV-11685
INV-11686,3271.21,2026-03-05,Metro Facilities,6040-Freight & Delivery,alice.smith,frank.castle,AP_INVOICE,Payment for standard services INV-11686
INV-11687,3902.02,2026-03-17,OfficeDepot Co,6010-Office Expense,bob.jones,frank.castle,AP_INVOICE,Payment for standard services INV-11687
INV-11688,3392.57,2026-03-03,OfficeDepot Co,6050-Maintenance,emily.watson,bruce.wayne,AP_INVOICE,Payment for standard services INV-11688
INV-11689,851.79,2026-03-28,Metro Facilities,6030-Consulting Fees,emily.watson,bruce.wayne,AP_INVOICE,Payment for standard services INV-11689
INV-11690,2094.19,2026-03-16,OfficeDepot Co,6040-Freight & Delivery,alice.smith,bruce.wayne,AP_INVOICE,Payment for standard services INV-11690
INV-11691,2576.64,2026-03-23,CloudScale Networks,6050-Maintenance,charlie.brown,diana.prince,AP_INVOICE,Payment for standard services INV-11691
INV-11692,4952.68,2026-03-02,OfficeDepot Co,6050-Maintenance,emily.watson,diana.prince,AP_INVOICE,Payment for standard services INV-11692
INV-11693,3680.54,2026-03-22,CloudScale Networks,6010-Office Expense,alice.smith,frank.castle,AP_INVOICE,Payment for standard services INV-11693
INV-11694,4093.12,2026-03-13,CloudScale Networks,6010-Office Expense,bob.jones,bruce.wayne,AP_INVOICE,Payment for standard services INV-11694
INV-11695,2740.5,2026-03-02,TechSupplies Inc,6010-Office Expense,charlie.brown,diana.prince,AP_INVOICE,Payment for standard services INV-11695
INV-11696,1217.89,2026-03-11,OfficeDepot Co,6050-Maintenance,alice.smith,diana.prince,AP_INVOICE,Payment for standard services INV-11696
INV-11697,2304.31,2026-03-09,CloudScale Networks,6050-Maintenance,bob.jones,diana.prince,AP_INVOICE,Payment for standard services INV-11697
INV-11698,3701.44,2026-03-27,CloudScale Networks,6020-IT Cloud Infra,bob.jones,frank.castle,AP_INVOICE,Payment for standard services INV-11698
INV-11699,4290.48,2026-03-22,TechSupplies Inc,6050-Maintenance,alice.smith,bruce.wayne,AP_INVOICE,Payment for standard services INV-11699
INV-11700,221.38,2026-03-19,CloudScale Networks,6010-Office Expense,charlie.brown,frank.castle,AP_INVOICE,Payment for standard services INV-11700
INV-11701,725.03,2026-03-27,CloudScale Networks,6050-Maintenance,emily.watson,diana.prince,AP_INVOICE,Payment for standard services INV-11701
INV-11702,4244.24,2026-03-18,Metro Facilities,6030-Consulting Fees,charlie.brown,bruce.wayne,AP_INVOICE,Payment for standard services INV-11702
INV-11703,4874.05,2026-03-19,Delta Freight,6040-Freight & Delivery,emily.watson,diana.prince,AP_INVOICE,Payment for standard services INV-11703
INV-11704,3950.73,2026-03-08,OfficeDepot Co,6010-Office Expense,alice.smith,frank.castle,AP_INVOICE,Payment for standard services INV-11704
INV-11705,2731.07,2026-03-13,TechSupplies Inc,6020-IT Cloud Infra,charlie.brown,frank.castle,AP_INVOICE,Payment for standard services INV-11705
INV-11706,895.81,2026-03-19,CloudScale Networks,6030-Consulting Fees,alice.smith,bruce.wayne,AP_INVOICE,Payment for standard services INV-11706
INV-11707,2717.95,2026-03-20,Metro Facilities,6050-Maintenance,charlie.brown,frank.castle,AP_INVOICE,Payment for standard services INV-11707
INV-11708,3516.86,2026-03-21,TechSupplies Inc,6050-Maintenance,emily.watson,frank.castle,AP_INVOICE,Payment for standard services INV-11708
INV-11709,1710.54,2026-03-05,OfficeDepot Co,6020-IT Cloud Infra,charlie.brown,diana.prince,AP_INVOICE,Payment for standard services INV-11709
INV-11710,4188.45,2026-03-03,OfficeDepot Co,6010-Office Expense,bob.jones,frank.castle,AP_INVOICE,Payment for standard services INV-11710
INV-11711,3560.81,2026-03-14,Metro Facilities,6010-Office Expense,charlie.brown,diana.prince,AP_INVOICE,Payment for standard services INV-11711
INV-11712,3476.29,2026-03-09,TechSupplies Inc,6050-Maintenance,emily.watson,diana.prince,AP_INVOICE,Payment for standard services INV-11712
INV-11713,1107.48,2026-03-12,Delta Freight,6050-Maintenance,bob.jones,bruce.wayne,AP_INVOICE,Payment for standard services INV-11713
INV-11714,1778.21,2026-03-25,CloudScale Networks,6010-Office Expense,alice.smith,diana.prince,AP_INVOICE,Payment for standard services INV-11714
INV-11715,1674.01,2026-03-16,Metro Facilities,6040-Freight & Delivery,alice.smith,bruce.wayne,AP_INVOICE,Payment for standard services INV-11715
INV-11716,3854.85,2026-03-05,CloudScale Networks,6040-Freight & Delivery,emily.watson,bruce.wayne,AP_INVOICE,Payment for standard services INV-11716
INV-11717,654.05,2026-03-11,Metro Facilities,6030-Consulting Fees,charlie.brown,diana.prince,AP_INVOICE,Payment for standard services INV-11717
INV-11718,557.17,2026-03-14,CloudScale Networks,6010-Office Expense,alice.smith,diana.prince,AP_INVOICE,Payment for standard services INV-11718
INV-11719,5062.1,2026-03-28,Metro Facilities,6050-Maintenance,alice.smith,diana.prince,AP_INVOICE,Payment for standard services INV-11719
INV-11720,4637.54,2026-03-06,TechSupplies Inc,6010-Office Expense,bob.jones,frank.castle,AP_INVOICE,Payment for standard services INV-11720
INV-11721,1726.94,2026-03-20,Metro Facilities,6020-IT Cloud Infra,charlie.brown,diana.prince,AP_INVOICE,Payment for standard services INV-11721
INV-11722,3519.58,2026-03-07,TechSupplies Inc,6010-Office Expense,charlie.brown,bruce.wayne,AP_INVOICE,Payment for standard services INV-11722
INV-11723,3986.12,2026-03-10,OfficeDepot Co,6020-IT Cloud Infra,emily.watson,bruce.wayne,AP_INVOICE,Payment for standard services INV-11723
INV-11724,5180.11,2026-03-23,OfficeDepot Co,6020-IT Cloud Infra,charlie.brown,frank.castle,AP_INVOICE,Payment for standard services INV-11724
INV-11725,881.68,2026-03-03,OfficeDepot Co,6040-Freight & Delivery,emily.watson,frank.castle,AP_INVOICE,Payment for standard services INV-11725
INV-11726,796.7,2026-03-18,Metro Facilities,6020-IT Cloud Infra,charlie.brown,bruce.wayne,AP_INVOICE,Payment for standard services INV-11726
INV-11727,1974.74,2026-03-15,CloudScale Networks,6010-Office Expense,bob.jones,bruce.wayne,AP_INVOICE,Payment for standard services INV-11727
INV-11728,2746.58,2026-03-09,TechSupplies Inc,6010-Office Expense,emily.watson,diana.prince,AP_INVOICE,Payment for standard services INV-11728
INV-11729,2073.6,2026-03-13,TechSupplies Inc,6010-Office Expense,charlie.brown,bruce.wayne,AP_INVOICE,Payment for standard services INV-11729
INV-11730,4622.99,2026-03-07,Delta Freight,6040-Freight & Delivery,alice.smith,diana.prince,AP_INVOICE,Payment for standard services INV-11730
INV-11731,3517.66,2026-03-18,Metro Facilities,6010-Office Expense,charlie.brown,diana.prince,AP_INVOICE,Payment for standard services INV-11731
INV-11732,5334.6,2026-03-07,Metro Facilities,6030-Consulting Fees,charlie.brown,bruce.wayne,AP_INVOICE,Payment for standard services INV-11732
INV-11733,2348.39,2026-03-24,Metro Facilities,6040-Freight & Delivery,emily.watson,bruce.wayne,AP_INVOICE,Payment for standard services INV-11733
INV-11734,4667.08,2026-03-15,Metro Facilities,6040-Freight & Delivery,charlie.brown,bruce.wayne,AP_INVOICE,Payment for standard services INV-11734
INV-11735,3847.02,2026-03-15,Metro Facilities,6030-Consulting Fees,bob.jones,frank.castle,AP_INVOICE,Payment for standard services INV-11735
INV-11736,5240.1,2026-03-09,CloudScale Networks,6010-Office Expense,charlie.brown,bruce.wayne,AP_INVOICE,Payment for standard services INV-11736
INV-11737,1297.4,2026-03-13,Metro Facilities,6030-Consulting Fees,charlie.brown,bruce.wayne,AP_INVOICE,Payment for standard services INV-11737
INV-11738,1396.32,2026-03-10,OfficeDepot Co,6030-Consulting Fees,alice.smith,diana.prince,AP_INVOICE,Payment for standard services INV-11738
INV-11739,1989.9,2026-03-01,OfficeDepot Co,6020-IT Cloud Infra,emily.watson,frank.castle,AP_INVOICE,Payment for standard services INV-11739
INV-11740,2598.38,2026-03-02,OfficeDepot Co,6040-Freight & Delivery,bob.jones,frank.castle,AP_INVOICE,Payment for standard services INV-11740
INV-11741,796.85,2026-03-15,Metro Facilities,6050-Maintenance,charlie.brown,diana.prince,AP_INVOICE,Payment for standard services INV-11741
INV-11742,3921.42,2026-03-08,OfficeDepot Co,6030-Consulting Fees,emily.watson,diana.prince,AP_INVOICE,Payment for standard services INV-11742
INV-11743,1190.86,2026-03-21,Metro Facilities,6010-Office Expense,bob.jones,diana.prince,AP_INVOICE,Payment for standard services INV-11743
INV-11744,3443.03,2026-03-18,Delta Freight,6050-Maintenance,charlie.brown,diana.prince,AP_INVOICE,Payment for standard services INV-11744
INV-11745,882.06,2026-03-28,OfficeDepot Co,6030-Consulting Fees,alice.smith,bruce.wayne,AP_INVOICE,Payment for standard services INV-11745
INV-11746,2649.9,2026-03-04,TechSupplies Inc,6050-Maintenance,bob.jones,frank.castle,AP_INVOICE,Payment for standard services INV-11746
INV-11747,2260.92,2026-03-11,Metro Facilities,6010-Office Expense,bob.jones,diana.prince,AP_INVOICE,Payment for standard services INV-11747
INV-11748,4527.57,2026-03-05,Delta Freight,6010-Office Expense,emily.watson,frank.castle,AP_INVOICE,Payment for standard services INV-11748
INV-11749,3050.02,2026-03-12,OfficeDepot Co,6030-Consulting Fees,emily.watson,bruce.wayne,AP_INVOICE,Payment for standard services INV-11749
INV-11750,5154.05,2026-03-02,Metro Facilities,6010-Office Expense,bob.jones,frank.castle,AP_INVOICE,Payment for standard services INV-11750
INV-11751,913.49,2026-03-07,Metro Facilities,6010-Office Expense,alice.smith,bruce.wayne,AP_INVOICE,Payment for standard services INV-11751
INV-11752,3301.57,2026-03-13,Metro Facilities,6050-Maintenance,charlie.brown,diana.prince,AP_INVOICE,Payment for standard services INV-11752
INV-11753,971.98,2026-03-08,CloudScale Networks,6040-Freight & Delivery,alice.smith,diana.prince,AP_INVOICE,Payment for standard services INV-11753
INV-11754,5364.09,2026-03-26,Metro Facilities,6040-Freight & Delivery,alice.smith,bruce.wayne,AP_INVOICE,Payment for standard services INV-11754
INV-11755,2390.68,2026-03-09,Metro Facilities,6050-Maintenance,emily.watson,frank.castle,AP_INVOICE,Payment for standard services INV-11755
INV-11756,2978.09,2026-03-08,CloudScale Networks,6030-Consulting Fees,bob.jones,frank.castle,AP_INVOICE,Payment for standard services INV-11756
INV-11757,4017.27,2026-03-14,TechSupplies Inc,6020-IT Cloud Infra,emily.watson,bruce.wayne,AP_INVOICE,Payment for standard services INV-11757
INV-11758,1968.56,2026-03-16,Metro Facilities,6010-Office Expense,charlie.brown,bruce.wayne,AP_INVOICE,Payment for standard services INV-11758
INV-11759,2668.59,2026-03-08,Delta Freight,6020-IT Cloud Infra,bob.jones,bruce.wayne,AP_INVOICE,Payment for standard services INV-11759
INV-11760,2718.16,2026-03-11,Metro Facilities,6020-IT Cloud Infra,charlie.brown,frank.castle,AP_INVOICE,Payment for standard services INV-11760
INV-11761,586.21,2026-03-16,Delta Freight,6050-Maintenance,bob.jones,bruce.wayne,AP_INVOICE,Payment for standard services INV-11761
INV-11762,4316.12,2026-03-04,CloudScale Networks,6040-Freight & Delivery,alice.smith,diana.prince,AP_INVOICE,Payment for standard services INV-11762
INV-11763,4073.95,2026-03-27,Delta Freight,6010-Office Expense,bob.jones,diana.prince,AP_INVOICE,Payment for standard services INV-11763
INV-11764,3707.41,2026-03-12,TechSupplies Inc,6020-IT Cloud Infra,emily.watson,frank.castle,AP_INVOICE,Payment for standard services INV-11764
INV-11765,3549.03,2026-03-27,CloudScale Networks,6030-Consulting Fees,alice.smith,frank.castle,AP_INVOICE,Payment for standard services INV-11765
INV-11766,3990.29,2026-03-24,Metro Facilities,6010-Office Expense,alice.smith,diana.prince,AP_INVOICE,Payment for standard services INV-11766
INV-11767,5890.76,2026-03-25,Delta Freight,6040-Freight & Delivery,emily.watson,frank.castle,AP_INVOICE,Payment for standard services INV-11767
INV-11768,973.45,2026-03-01,CloudScale Networks,6050-Maintenance,alice.smith,diana.prince,AP_INVOICE,Payment for standard services INV-11768
INV-11769,2260.81,2026-03-06,Delta Freight,6040-Freight & Delivery,charlie.brown,frank.castle,AP_INVOICE,Payment for standard services INV-11769
INV-11770,3264.31,2026-03-11,TechSupplies Inc,6020-IT Cloud Infra,charlie.brown,frank.castle,AP_INVOICE,Payment for standard services INV-11770
INV-11771,2615.48,2026-03-11,Metro Facilities,6050-Maintenance,emily.watson,frank.castle,AP_INVOICE,Payment for standard services INV-11771
INV-11772,4007.01,2026-03-17,CloudScale Networks,6010-Office Expense,bob.jones,frank.castle,AP_INVOICE,Payment for standard services INV-11772
INV-11773,4545.86,2026-03-06,OfficeDepot Co,6010-Office Expense,charlie.brown,frank.castle,AP_INVOICE,Payment for standard services INV-11773
INV-11774,1433.29,2026-03-09,Delta Freight,6020-IT Cloud Infra,bob.jones,frank.castle,AP_INVOICE,Payment for standard services INV-11774
INV-11775,5791.36,2026-03-07,CloudScale Networks,6030-Consulting Fees,bob.jones,diana.prince,AP_INVOICE,Payment for standard services INV-11775
INV-11776,2909.9,2026-03-18,CloudScale Networks,6010-Office Expense,alice.smith,bruce.wayne,AP_INVOICE,Payment for standard services INV-11776
INV-11777,765.24,2026-03-19,TechSupplies Inc,6030-Consulting Fees,bob.jones,frank.castle,AP_INVOICE,Payment for standard services INV-11777
INV-11778,2479.88,2026-03-23,CloudScale Networks,6040-Freight & Delivery,charlie.brown,diana.prince,AP_INVOICE,Payment for standard services INV-11778
INV-11779,4776.65,2026-03-03,Delta Freight,6040-Freight & Delivery,emily.watson,frank.castle,AP_INVOICE,Payment for standard services INV-11779
INV-11780,5864.92,2026-03-26,TechSupplies Inc,6030-Consulting Fees,alice.smith,bruce.wayne,AP_INVOICE,Payment for standard services INV-11780
INV-11781,494.23,2026-03-15,CloudScale Networks,6050-Maintenance,charlie.brown,frank.castle,AP_INVOICE,Payment for standard services INV-11781
INV-11782,3017.27,2026-03-04,TechSupplies Inc,6030-Consulting Fees,alice.smith,frank.castle,AP_INVOICE,Payment for standard services INV-11782
INV-11783,5185.2,2026-03-21,OfficeDepot Co,6020-IT Cloud Infra,alice.smith,bruce.wayne,AP_INVOICE,Payment for standard services INV-11783
INV-11784,696.61,2026-03-16,Delta Freight,6020-IT Cloud Infra,bob.jones,frank.castle,AP_INVOICE,Payment for standard services INV-11784
INV-11785,4145.1,2026-03-21,Delta Freight,6030-Consulting Fees,bob.jones,diana.prince,AP_INVOICE,Payment for standard services INV-11785
INV-11786,5693.53,2026-03-16,CloudScale Networks,6010-Office Expense,emily.watson,diana.prince,AP_INVOICE,Payment for standard services INV-11786
INV-11787,1417.78,2026-03-09,CloudScale Networks,6010-Office Expense,emily.watson,bruce.wayne,AP_INVOICE,Payment for standard services INV-11787
INV-11788,3586.46,2026-03-22,CloudScale Networks,6030-Consulting Fees,emily.watson,bruce.wayne,AP_INVOICE,Payment for standard services INV-11788
INV-11789,5779.56,2026-03-26,CloudScale Networks,6030-Consulting Fees,emily.watson,frank.castle,AP_INVOICE,Payment for standard services INV-11789
INV-11790,3440.68,2026-03-08,Metro Facilities,6040-Freight & Delivery,charlie.brown,diana.prince,AP_INVOICE,Payment for standard services INV-11790
INV-11791,4459.31,2026-03-08,OfficeDepot Co,6040-Freight & Delivery,emily.watson,frank.castle,AP_INVOICE,Payment for standard services INV-11791
INV-11792,1076.61,2026-03-23,Delta Freight,6030-Consulting Fees,alice.smith,frank.castle,AP_INVOICE,Payment for standard services INV-11792
INV-11793,877.45,2026-03-08,Delta Freight,6040-Freight & Delivery,emily.watson,bruce.wayne,AP_INVOICE,Payment for standard services INV-11793
INV-11794,1360.17,2026-03-25,CloudScale Networks,6040-Freight & Delivery,alice.smith,bruce.wayne,AP_INVOICE,Payment for standard services INV-11794
INV-11795,3553.86,2026-03-13,Delta Freight,6040-Freight & Delivery,emily.watson,frank.castle,AP_INVOICE,Payment for standard services INV-11795
INV-11796,418.54,2026-03-27,Delta Freight,6020-IT Cloud Infra,charlie.brown,bruce.wayne,AP_INVOICE,Payment for standard services INV-11796
INV-11797,2264.72,2026-03-07,CloudScale Networks,6050-Maintenance,bob.jones,bruce.wayne,AP_INVOICE,Payment for standard services INV-11797
INV-11798,1240.92,2026-03-20,Metro Facilities,6050-Maintenance,charlie.brown,diana.prince,AP_INVOICE,Payment for standard services INV-11798
INV-11799,5101.1,2026-03-11,TechSupplies Inc,6040-Freight & Delivery,alice.smith,bruce.wayne,AP_INVOICE,Payment for standard services INV-11799
INV-11800,4931.4,2026-03-07,Metro Facilities,6010-Office Expense,alice.smith,bruce.wayne,AP_INVOICE,Payment for standard services INV-11800
INV-11801,1202.52,2026-03-08,CloudScale Networks,6050-Maintenance,emily.watson,bruce.wayne,AP_INVOICE,Payment for standard services INV-11801
INV-11802,969.65,2026-03-18,OfficeDepot Co,6030-Consulting Fees,emily.watson,diana.prince,AP_INVOICE,Payment for standard services INV-11802
INV-11803,5295.46,2026-03-13,TechSupplies Inc,6010-Office Expense,alice.smith,bruce.wayne,AP_INVOICE,Payment for standard services INV-11803
INV-11804,926.18,2026-03-21,OfficeDepot Co,6030-Consulting Fees,alice.smith,diana.prince,AP_INVOICE,Payment for standard services INV-11804
INV-11805,1910.17,2026-03-13,OfficeDepot Co,6010-Office Expense,emily.watson,bruce.wayne,AP_INVOICE,Payment for standard services INV-11805
INV-11806,3768.51,2026-03-17,OfficeDepot Co,6010-Office Expense,alice.smith,diana.prince,AP_INVOICE,Payment for standard services INV-11806
INV-11807,4390.55,2026-03-27,Delta Freight,6010-Office Expense,alice.smith,bruce.wayne,AP_INVOICE,Payment for standard services INV-11807
INV-11808,4946.79,2026-03-27,TechSupplies Inc,6050-Maintenance,emily.watson,diana.prince,AP_INVOICE,Payment for standard services INV-11808
INV-11809,1986.61,2026-03-09,OfficeDepot Co,6040-Freight & Delivery,alice.smith,frank.castle,AP_INVOICE,Payment for standard services INV-11809
INV-11810,783.77,2026-03-14,Metro Facilities,6040-Freight & Delivery,emily.watson,frank.castle,AP_INVOICE,Payment for standard services INV-11810
INV-11811,4878.72,2026-03-23,Metro Facilities,6030-Consulting Fees,emily.watson,frank.castle,AP_INVOICE,Payment for standard services INV-11811
INV-11812,1573.46,2026-03-25,TechSupplies Inc,6040-Freight & Delivery,emily.watson,frank.castle,AP_INVOICE,Payment for standard services INV-11812
INV-11813,906.36,2026-03-25,CloudScale Networks,6050-Maintenance,alice.smith,frank.castle,AP_INVOICE,Payment for standard services INV-11813
INV-11814,1974.26,2026-03-05,Metro Facilities,6010-Office Expense,charlie.brown,frank.castle,AP_INVOICE,Payment for standard services INV-11814
INV-11815,5625.9,2026-03-28,TechSupplies Inc,6050-Maintenance,bob.jones,diana.prince,AP_INVOICE,Payment for standard services INV-11815
INV-11816,4253.13,2026-03-27,TechSupplies Inc,6020-IT Cloud Infra,emily.watson,bruce.wayne,AP_INVOICE,Payment for standard services INV-11816
INV-11817,3906.62,2026-03-09,Metro Facilities,6020-IT Cloud Infra,alice.smith,frank.castle,AP_INVOICE,Payment for standard services INV-11817
INV-11818,3944.01,2026-03-19,CloudScale Networks,6010-Office Expense,charlie.brown,bruce.wayne,AP_INVOICE,Payment for standard services INV-11818
INV-11819,4769.33,2026-03-16,OfficeDepot Co,6020-IT Cloud Infra,emily.watson,bruce.wayne,AP_INVOICE,Payment for standard services INV-11819
INV-11820,3432.47,2026-03-18,OfficeDepot Co,6040-Freight & Delivery,emily.watson,bruce.wayne,AP_INVOICE,Payment for standard services INV-11820
INV-11821,5844.29,2026-03-03,TechSupplies Inc,6010-Office Expense,emily.watson,bruce.wayne,AP_INVOICE,Payment for standard services INV-11821
INV-11822,3998.86,2026-03-07,CloudScale Networks,6050-Maintenance,alice.smith,diana.prince,AP_INVOICE,Payment for standard services INV-11822
INV-11823,5118.86,2026-03-21,TechSupplies Inc,6040-Freight & Delivery,emily.watson,diana.prince,AP_INVOICE,Payment for standard services INV-11823
INV-11824,3172.49,2026-03-10,Metro Facilities,6040-Freight & Delivery,emily.watson,diana.prince,AP_INVOICE,Payment for standard services INV-11824
INV-11825,5035.06,2026-03-12,OfficeDepot Co,6050-Maintenance,charlie.brown,bruce.wayne,AP_INVOICE,Payment for standard services INV-11825
INV-11826,1211.42,2026-03-23,OfficeDepot Co,6050-Maintenance,bob.jones,bruce.wayne,AP_INVOICE,Payment for standard services INV-11826
INV-11827,3235.36,2026-03-24,Delta Freight,6040-Freight & Delivery,bob.jones,frank.castle,AP_INVOICE,Payment for standard services INV-11827
INV-11828,4836.5,2026-03-11,CloudScale Networks,6020-IT Cloud Infra,emily.watson,diana.prince,AP_INVOICE,Payment for standard services INV-11828
INV-11829,1002.51,2026-03-07,TechSupplies Inc,6010-Office Expense,charlie.brown,bruce.wayne,AP_INVOICE,Payment for standard services INV-11829
INV-11830,578.3,2026-03-20,Delta Freight,6030-Consulting Fees,alice.smith,diana.prince,AP_INVOICE,Payment for standard services INV-11830
INV-11831,1075.29,2026-03-21,OfficeDepot Co,6050-Maintenance,bob.jones,frank.castle,AP_INVOICE,Payment for standard services INV-11831
INV-11832,977.68,2026-03-20,OfficeDepot Co,6040-Freight & Delivery,charlie.brown,frank.castle,AP_INVOICE,Payment for standard services INV-11832
INV-11833,5327.7,2026-03-19,Metro Facilities,6050-Maintenance,bob.jones,diana.prince,AP_INVOICE,Payment for standard services INV-11833
INV-11834,3730.4,2026-03-04,OfficeDepot Co,6020-IT Cloud Infra,charlie.brown,bruce.wayne,AP_INVOICE,Payment for standard services INV-11834
INV-11835,2677.33,2026-03-28,Delta Freight,6030-Consulting Fees,charlie.brown,bruce.wayne,AP_INVOICE,Payment for standard services INV-11835
INV-11836,4977.62,2026-03-07,CloudScale Networks,6020-IT Cloud Infra,alice.smith,diana.prince,AP_INVOICE,Payment for standard services INV-11836
INV-11837,4061.84,2026-03-28,CloudScale Networks,6020-IT Cloud Infra,bob.jones,frank.castle,AP_INVOICE,Payment for standard services INV-11837
INV-11838,398.27,2026-03-22,TechSupplies Inc,6020-IT Cloud Infra,emily.watson,frank.castle,AP_INVOICE,Payment for standard services INV-11838
INV-11839,1806.9,2026-03-25,TechSupplies Inc,6020-IT Cloud Infra,emily.watson,frank.castle,AP_INVOICE,Payment for standard services INV-11839
INV-11840,2596.79,2026-03-03,OfficeDepot Co,6050-Maintenance,charlie.brown,bruce.wayne,AP_INVOICE,Payment for standard services INV-11840
INV-11841,5179.15,2026-03-18,CloudScale Networks,6030-Consulting Fees,bob.jones,frank.castle,AP_INVOICE,Payment for standard services INV-11841
INV-11842,3740.79,2026-03-12,OfficeDepot Co,6010-Office Expense,emily.watson,bruce.wayne,AP_INVOICE,Payment for standard services INV-11842
INV-11843,4420.24,2026-03-20,Delta Freight,6030-Consulting Fees,emily.watson,diana.prince,AP_INVOICE,Payment for standard services INV-11843
INV-11844,5358.75,2026-03-24,CloudScale Networks,6040-Freight & Delivery,charlie.brown,diana.prince,AP_INVOICE,Payment for standard services INV-11844
INV-11845,3412.76,2026-03-19,OfficeDepot Co,6050-Maintenance,bob.jones,diana.prince,AP_INVOICE,Payment for standard services INV-11845
INV-11846,646.83,2026-03-09,OfficeDepot Co,6030-Consulting Fees,alice.smith,bruce.wayne,AP_INVOICE,Payment for standard services INV-11846
INV-11847,1397.35,2026-03-23,Delta Freight,6040-Freight & Delivery,alice.smith,bruce.wayne,AP_INVOICE,Payment for standard services INV-11847
INV-11848,3261.38,2026-03-21,Metro Facilities,6010-Office Expense,emily.watson,bruce.wayne,AP_INVOICE,Payment for standard services INV-11848
INV-11849,1149.82,2026-03-01,Metro Facilities,6010-Office Expense,alice.smith,frank.castle,AP_INVOICE,Payment for standard services INV-11849
INV-11850,3996.53,2026-03-27,CloudScale Networks,6020-IT Cloud Infra,alice.smith,frank.castle,AP_INVOICE,Payment for standard services INV-11850
INV-11851,1130.97,2026-03-09,TechSupplies Inc,6030-Consulting Fees,alice.smith,bruce.wayne,AP_INVOICE,Payment for standard services INV-11851
INV-11852,2823.32,2026-03-28,Metro Facilities,6010-Office Expense,charlie.brown,bruce.wayne,AP_INVOICE,Payment for standard services INV-11852
INV-11853,5524.37,2026-03-01,CloudScale Networks,6050-Maintenance,charlie.brown,bruce.wayne,AP_INVOICE,Payment for standard services INV-11853
INV-11854,3291.98,2026-03-05,TechSupplies Inc,6010-Office Expense,bob.jones,bruce.wayne,AP_INVOICE,Payment for standard services INV-11854
INV-11855,1016.47,2026-03-07,Delta Freight,6010-Office Expense,charlie.brown,bruce.wayne,AP_INVOICE,Payment for standard services INV-11855
INV-11856,2577.34,2026-03-12,TechSupplies Inc,6030-Consulting Fees,charlie.brown,bruce.wayne,AP_INVOICE,Payment for standard services INV-11856
INV-11857,2392.96,2026-03-04,TechSupplies Inc,6050-Maintenance,emily.watson,diana.prince,AP_INVOICE,Payment for standard services INV-11857
INV-11858,2046.21,2026-03-21,TechSupplies Inc,6020-IT Cloud Infra,charlie.brown,bruce.wayne,AP_INVOICE,Payment for standard services INV-11858
INV-11859,5354.48,2026-03-03,TechSupplies Inc,6020-IT Cloud Infra,charlie.brown,frank.castle,AP_INVOICE,Payment for standard services INV-11859
INV-11860,5660.49,2026-03-02,OfficeDepot Co,6020-IT Cloud Infra,bob.jones,frank.castle,AP_INVOICE,Payment for standard services INV-11860
INV-11861,1657.13,2026-03-08,OfficeDepot Co,6020-IT Cloud Infra,charlie.brown,frank.castle,AP_INVOICE,Payment for standard services INV-11861
INV-11862,2182.83,2026-03-23,CloudScale Networks,6020-IT Cloud Infra,charlie.brown,frank.castle,AP_INVOICE,Payment for standard services INV-11862
INV-11863,731.73,2026-03-25,OfficeDepot Co,6050-Maintenance,charlie.brown,frank.castle,AP_INVOICE,Payment for standard services INV-11863
INV-11864,2715.9,2026-03-18,CloudScale Networks,6010-Office Expense,emily.watson,diana.prince,AP_INVOICE,Payment for standard services INV-11864
INV-11865,5347.28,2026-03-11,Delta Freight,6030-Consulting Fees,charlie.brown,diana.prince,AP_INVOICE,Payment for standard services INV-11865
INV-11866,3065.06,2026-03-07,OfficeDepot Co,6010-Office Expense,bob.jones,frank.castle,AP_INVOICE,Payment for standard services INV-11866
INV-11867,450.66,2026-03-05,TechSupplies Inc,6050-Maintenance,bob.jones,frank.castle,AP_INVOICE,Payment for standard services INV-11867
INV-11868,1905.09,2026-03-23,Metro Facilities,6040-Freight & Delivery,alice.smith,frank.castle,AP_INVOICE,Payment for standard services INV-11868
INV-11869,1850.56,2026-03-11,TechSupplies Inc,6020-IT Cloud Infra,emily.watson,frank.castle,AP_INVOICE,Payment for standard services INV-11869
INV-11870,4700.59,2026-03-15,CloudScale Networks,6030-Consulting Fees,charlie.brown,diana.prince,AP_INVOICE,Payment for standard services INV-11870
INV-11871,4118.82,2026-03-19,Delta Freight,6050-Maintenance,emily.watson,bruce.wayne,AP_INVOICE,Payment for standard services INV-11871
INV-11872,4191.07,2026-03-12,Delta Freight,6020-IT Cloud Infra,charlie.brown,bruce.wayne,AP_INVOICE,Payment for standard services INV-11872
INV-11873,2831.35,2026-03-25,Delta Freight,6030-Consulting Fees,alice.smith,diana.prince,AP_INVOICE,Payment for standard services INV-11873
INV-11874,5863.48,2026-03-19,TechSupplies Inc,6040-Freight & Delivery,emily.watson,frank.castle,AP_INVOICE,Payment for standard services INV-11874
INV-11875,382.92,2026-03-23,Metro Facilities,6020-IT Cloud Infra,charlie.brown,bruce.wayne,AP_INVOICE,Payment for standard services INV-11875
INV-11876,2288.23,2026-03-11,Metro Facilities,6020-IT Cloud Infra,bob.jones,bruce.wayne,AP_INVOICE,Payment for standard services INV-11876
INV-11877,977.7,2026-03-15,TechSupplies Inc,6030-Consulting Fees,bob.jones,frank.castle,AP_INVOICE,Payment for standard services INV-11877
INV-11878,2535.21,2026-03-10,CloudScale Networks,6020-IT Cloud Infra,bob.jones,frank.castle,AP_INVOICE,Payment for standard services INV-11878
INV-11879,1226.26,2026-03-08,CloudScale Networks,6040-Freight & Delivery,alice.smith,bruce.wayne,AP_INVOICE,Payment for standard services INV-11879
INV-11880,2856.52,2026-03-12,OfficeDepot Co,6010-Office Expense,emily.watson,diana.prince,AP_INVOICE,Payment for standard services INV-11880
INV-11881,2801.02,2026-03-13,Delta Freight,6020-IT Cloud Infra,emily.watson,bruce.wayne,AP_INVOICE,Payment for standard services INV-11881
INV-11882,4335.02,2026-03-25,TechSupplies Inc,6040-Freight & Delivery,bob.jones,frank.castle,AP_INVOICE,Payment for standard services INV-11882
INV-11883,3237.25,2026-03-13,OfficeDepot Co,6030-Consulting Fees,emily.watson,bruce.wayne,AP_INVOICE,Payment for standard services INV-11883
INV-11884,2084.58,2026-03-06,Metro Facilities,6010-Office Expense,bob.jones,bruce.wayne,AP_INVOICE,Payment for standard services INV-11884
INV-11885,2509.13,2026-03-20,OfficeDepot Co,6050-Maintenance,alice.smith,bruce.wayne,AP_INVOICE,Payment for standard services INV-11885
INV-11886,5200.66,2026-03-02,CloudScale Networks,6020-IT Cloud Infra,emily.watson,diana.prince,AP_INVOICE,Payment for standard services INV-11886
INV-11887,2289.43,2026-03-05,OfficeDepot Co,6040-Freight & Delivery,bob.jones,frank.castle,AP_INVOICE,Payment for standard services INV-11887
INV-11888,2091.15,2026-03-06,Delta Freight,6010-Office Expense,charlie.brown,frank.castle,AP_INVOICE,Payment for standard services INV-11888
INV-11889,3495.24,2026-03-22,TechSupplies Inc,6040-Freight & Delivery,alice.smith,frank.castle,AP_INVOICE,Payment for standard services INV-11889
INV-11890,3876.46,2026-03-05,Delta Freight,6010-Office Expense,bob.jones,frank.castle,AP_INVOICE,Payment for standard services INV-11890
INV-11891,2310.82,2026-03-22,Delta Freight,6010-Office Expense,emily.watson,bruce.wayne,AP_INVOICE,Payment for standard services INV-11891
INV-11892,4090.24,2026-03-21,OfficeDepot Co,6040-Freight & Delivery,charlie.brown,bruce.wayne,AP_INVOICE,Payment for standard services INV-11892
INV-11893,4093.02,2026-03-23,Delta Freight,6050-Maintenance,charlie.brown,frank.castle,AP_INVOICE,Payment for standard services INV-11893
INV-11894,2863.4,2026-03-18,OfficeDepot Co,6010-Office Expense,bob.jones,frank.castle,AP_INVOICE,Payment for standard services INV-11894
INV-11895,4994.34,2026-03-23,TechSupplies Inc,6020-IT Cloud Infra,alice.smith,frank.castle,AP_INVOICE,Payment for standard services INV-11895
INV-11896,1397.48,2026-03-15,Metro Facilities,6040-Freight & Delivery,emily.watson,diana.prince,AP_INVOICE,Payment for standard services INV-11896
INV-11897,765.44,2026-03-20,Delta Freight,6040-Freight & Delivery,charlie.brown,diana.prince,AP_INVOICE,Payment for standard services INV-11897
INV-11898,1790.93,2026-03-09,OfficeDepot Co,6030-Consulting Fees,alice.smith,bruce.wayne,AP_INVOICE,Payment for standard services INV-11898
INV-11899,1879.46,2026-03-21,TechSupplies Inc,6040-Freight & Delivery,charlie.brown,frank.castle,AP_INVOICE,Payment for standard services INV-11899
INV-11900,583.62,2026-03-06,TechSupplies Inc,6050-Maintenance,emily.watson,diana.prince,AP_INVOICE,Payment for standard services INV-11900
INV-11901,521.42,2026-03-12,CloudScale Networks,6040-Freight & Delivery,emily.watson,frank.castle,AP_INVOICE,Payment for standard services INV-11901
INV-11902,5054.71,2026-03-03,CloudScale Networks,6050-Maintenance,emily.watson,diana.prince,AP_INVOICE,Payment for standard services INV-11902
INV-11903,378.98,2026-03-24,Metro Facilities,6010-Office Expense,emily.watson,bruce.wayne,AP_INVOICE,Payment for standard services INV-11903
INV-11904,4674.85,2026-03-06,OfficeDepot Co,6040-Freight & Delivery,emily.watson,diana.prince,AP_INVOICE,Payment for standard services INV-11904
INV-11905,2643.04,2026-03-19,TechSupplies Inc,6040-Freight & Delivery,alice.smith,diana.prince,AP_INVOICE,Payment for standard services INV-11905
INV-11906,1659.07,2026-03-26,Metro Facilities,6050-Maintenance,bob.jones,bruce.wayne,AP_INVOICE,Payment for standard services INV-11906
INV-11907,2893.48,2026-03-23,CloudScale Networks,6040-Freight & Delivery,charlie.brown,bruce.wayne,AP_INVOICE,Payment for standard services INV-11907
INV-11908,2069.41,2026-03-22,TechSupplies Inc,6050-Maintenance,emily.watson,diana.prince,AP_INVOICE,Payment for standard services INV-11908
INV-11909,186.11,2026-03-05,CloudScale Networks,6010-Office Expense,emily.watson,bruce.wayne,AP_INVOICE,Payment for standard services INV-11909
INV-11910,2462.15,2026-03-01,OfficeDepot Co,6010-Office Expense,bob.jones,diana.prince,AP_INVOICE,Payment for standard services INV-11910
INV-11911,1668.59,2026-03-14,Metro Facilities,6030-Consulting Fees,emily.watson,bruce.wayne,AP_INVOICE,Payment for standard services INV-11911
INV-11912,2103.73,2026-03-11,Delta Freight,6040-Freight & Delivery,alice.smith,frank.castle,AP_INVOICE,Payment for standard services INV-11912
INV-11913,4288.23,2026-03-18,CloudScale Networks,6040-Freight & Delivery,emily.watson,diana.prince,AP_INVOICE,Payment for standard services INV-11913
INV-11914,3906.59,2026-03-28,OfficeDepot Co,6040-Freight & Delivery,alice.smith,bruce.wayne,AP_INVOICE,Payment for standard services INV-11914
INV-11915,783.42,2026-03-07,Delta Freight,6050-Maintenance,charlie.brown,diana.prince,AP_INVOICE,Payment for standard services INV-11915
INV-11916,3272.93,2026-03-22,OfficeDepot Co,6030-Consulting Fees,charlie.brown,frank.castle,AP_INVOICE,Payment for standard services INV-11916
INV-11917,1071.42,2026-03-14,Metro Facilities,6020-IT Cloud Infra,charlie.brown,bruce.wayne,AP_INVOICE,Payment for standard services INV-11917
INV-11918,4068.62,2026-03-13,OfficeDepot Co,6050-Maintenance,emily.watson,diana.prince,AP_INVOICE,Payment for standard services INV-11918
INV-11919,1810.41,2026-03-07,Metro Facilities,6010-Office Expense,alice.smith,frank.castle,AP_INVOICE,Payment for standard services INV-11919
INV-11920,668.88,2026-03-13,OfficeDepot Co,6020-IT Cloud Infra,bob.jones,bruce.wayne,AP_INVOICE,Payment for standard services INV-11920
INV-11921,2126.0,2026-03-25,CloudScale Networks,6040-Freight & Delivery,charlie.brown,frank.castle,AP_INVOICE,Payment for standard services INV-11921
INV-11922,740.2,2026-03-28,OfficeDepot Co,6050-Maintenance,emily.watson,diana.prince,AP_INVOICE,Payment for standard services INV-11922
INV-11923,4019.43,2026-03-13,OfficeDepot Co,6040-Freight & Delivery,bob.jones,diana.prince,AP_INVOICE,Payment for standard services INV-11923
INV-11924,2821.11,2026-03-04,OfficeDepot Co,6040-Freight & Delivery,bob.jones,bruce.wayne,AP_INVOICE,Payment for standard services INV-11924
INV-11925,3486.55,2026-03-01,Delta Freight,6040-Freight & Delivery,bob.jones,bruce.wayne,AP_INVOICE,Payment for standard services INV-11925
INV-11926,1135.56,2026-03-19,Metro Facilities,6050-Maintenance,alice.smith,bruce.wayne,AP_INVOICE,Payment for standard services INV-11926
INV-11927,5320.78,2026-03-19,OfficeDepot Co,6050-Maintenance,bob.jones,diana.prince,AP_INVOICE,Payment for standard services INV-11927
INV-11928,3866.94,2026-03-17,OfficeDepot Co,6010-Office Expense,emily.watson,bruce.wayne,AP_INVOICE,Payment for standard services INV-11928
INV-11929,5148.98,2026-03-28,CloudScale Networks,6040-Freight & Delivery,charlie.brown,bruce.wayne,AP_INVOICE,Payment for standard services INV-11929
INV-11930,2489.21,2026-03-03,CloudScale Networks,6030-Consulting Fees,bob.jones,frank.castle,AP_INVOICE,Payment for standard services INV-11930
INV-11931,2054.8,2026-03-20,Delta Freight,6040-Freight & Delivery,bob.jones,bruce.wayne,AP_INVOICE,Payment for standard services INV-11931
INV-11932,1480.86,2026-03-27,CloudScale Networks,6040-Freight & Delivery,alice.smith,bruce.wayne,AP_INVOICE,Payment for standard services INV-11932
INV-11933,4782.64,2026-03-03,CloudScale Networks,6020-IT Cloud Infra,emily.watson,bruce.wayne,AP_INVOICE,Payment for standard services INV-11933
INV-11934,174.4,2026-03-03,Delta Freight,6050-Maintenance,emily.watson,frank.castle,AP_INVOICE,Payment for standard services INV-11934
INV-11935,5475.92,2026-03-16,Metro Facilities,6010-Office Expense,alice.smith,frank.castle,AP_INVOICE,Payment for standard services INV-11935
INV-11936,1099.81,2026-03-23,Delta Freight,6010-Office Expense,charlie.brown,frank.castle,AP_INVOICE,Payment for standard services INV-11936
INV-11937,4330.24,2026-03-05,Delta Freight,6040-Freight & Delivery,alice.smith,diana.prince,AP_INVOICE,Payment for standard services INV-11937
INV-11938,4637.12,2026-03-14,Metro Facilities,6010-Office Expense,bob.jones,frank.castle,AP_INVOICE,Payment for standard services INV-11938
INV-11939,1199.24,2026-03-04,CloudScale Networks,6040-Freight & Delivery,bob.jones,frank.castle,AP_INVOICE,Payment for standard services INV-11939
INV-11940,3651.88,2026-03-11,Delta Freight,6040-Freight & Delivery,bob.jones,frank.castle,AP_INVOICE,Payment for standard services INV-11940
INV-11941,2386.4,2026-03-02,Delta Freight,6030-Consulting Fees,charlie.brown,bruce.wayne,AP_INVOICE,Payment for standard services INV-11941
INV-11942,1393.33,2026-03-19,OfficeDepot Co,6010-Office Expense,bob.jones,frank.castle,AP_INVOICE,Payment for standard services INV-11942
INV-11943,1665.93,2026-03-23,CloudScale Networks,6050-Maintenance,charlie.brown,frank.castle,AP_INVOICE,Payment for standard services INV-11943
INV-11944,1742.26,2026-03-09,CloudScale Networks,6020-IT Cloud Infra,charlie.brown,frank.castle,AP_INVOICE,Payment for standard services INV-11944
INV-11945,605.46,2026-03-19,CloudScale Networks,6050-Maintenance,charlie.brown,diana.prince,AP_INVOICE,Payment for standard services INV-11945
INV-11946,1832.63,2026-03-20,Metro Facilities,6050-Maintenance,emily.watson,frank.castle,AP_INVOICE,Payment for standard services INV-11946
INV-11947,5898.47,2026-03-12,CloudScale Networks,6050-Maintenance,charlie.brown,bruce.wayne,AP_INVOICE,Payment for standard services INV-11947
INV-11948,4844.8,2026-03-16,CloudScale Networks,6050-Maintenance,emily.watson,diana.prince,AP_INVOICE,Payment for standard services INV-11948
INV-11949,1104.47,2026-03-07,TechSupplies Inc,6030-Consulting Fees,bob.jones,frank.castle,AP_INVOICE,Payment for standard services INV-11949
INV-11950,1513.1,2026-03-15,TechSupplies Inc,6020-IT Cloud Infra,charlie.brown,frank.castle,AP_INVOICE,Payment for standard services INV-11950
INV-11951,3575.96,2026-03-07,TechSupplies Inc,6050-Maintenance,bob.jones,bruce.wayne,AP_INVOICE,Payment for standard services INV-11951
INV-11952,377.21,2026-03-18,TechSupplies Inc,6030-Consulting Fees,alice.smith,frank.castle,AP_INVOICE,Payment for standard services INV-11952
INV-11953,5702.08,2026-03-19,Metro Facilities,6010-Office Expense,alice.smith,frank.castle,AP_INVOICE,Payment for standard services INV-11953
INV-11954,1564.07,2026-03-23,CloudScale Networks,6020-IT Cloud Infra,bob.jones,bruce.wayne,AP_INVOICE,Payment for standard services INV-11954
INV-11955,484.78,2026-03-24,Metro Facilities,6030-Consulting Fees,charlie.brown,diana.prince,AP_INVOICE,Payment for standard services INV-11955
INV-11956,4249.99,2026-03-07,TechSupplies Inc,6020-IT Cloud Infra,charlie.brown,diana.prince,AP_INVOICE,Payment for standard services INV-11956
INV-11957,3048.74,2026-03-18,Metro Facilities,6040-Freight & Delivery,emily.watson,diana.prince,AP_INVOICE,Payment for standard services INV-11957
INV-11958,1225.22,2026-03-15,TechSupplies Inc,6020-IT Cloud Infra,emily.watson,diana.prince,AP_INVOICE,Payment for standard services INV-11958
INV-11959,1034.19,2026-03-16,Metro Facilities,6050-Maintenance,bob.jones,bruce.wayne,AP_INVOICE,Payment for standard services INV-11959
INV-11960,218.39,2026-03-07,Delta Freight,6010-Office Expense,emily.watson,bruce.wayne,AP_INVOICE,Payment for standard services INV-11960
INV-11961,3578.37,2026-03-20,Delta Freight,6010-Office Expense,charlie.brown,frank.castle,AP_INVOICE,Payment for standard services INV-11961
INV-11962,3301.41,2026-03-10,OfficeDepot Co,6050-Maintenance,emily.watson,bruce.wayne,AP_INVOICE,Payment for standard services INV-11962
INV-11963,2866.38,2026-03-22,Metro Facilities,6020-IT Cloud Infra,charlie.brown,frank.castle,AP_INVOICE,Payment for standard services INV-11963
INV-11964,1921.67,2026-03-01,Delta Freight,6010-Office Expense,bob.jones,frank.castle,AP_INVOICE,Payment for standard services INV-11964
INV-11965,5045.05,2026-03-03,Delta Freight,6040-Freight & Delivery,bob.jones,diana.prince,AP_INVOICE,Payment for standard services INV-11965
INV-11966,4011.18,2026-03-22,TechSupplies Inc,6040-Freight & Delivery,charlie.brown,bruce.wayne,AP_INVOICE,Payment for standard services INV-11966
INV-11967,1269.51,2026-03-17,TechSupplies Inc,6020-IT Cloud Infra,bob.jones,frank.castle,AP_INVOICE,Payment for standard services INV-11967
INV-11968,3998.42,2026-03-07,Delta Freight,6010-Office Expense,charlie.brown,bruce.wayne,AP_INVOICE,Payment for standard services INV-11968
INV-11969,1162.29,2026-03-28,CloudScale Networks,6020-IT Cloud Infra,emily.watson,diana.prince,AP_INVOICE,Payment for standard services INV-11969
INV-11970,3393.69,2026-03-20,OfficeDepot Co,6050-Maintenance,emily.watson,bruce.wayne,AP_INVOICE,Payment for standard services INV-11970
INV-11971,4600.59,2026-03-28,OfficeDepot Co,6020-IT Cloud Infra,charlie.brown,frank.castle,AP_INVOICE,Payment for standard services INV-11971
INV-11972,2669.53,2026-03-11,OfficeDepot Co,6030-Consulting Fees,charlie.brown,bruce.wayne,AP_INVOICE,Payment for standard services INV-11972
INV-11973,2401.02,2026-03-02,Delta Freight,6040-Freight & Delivery,alice.smith,frank.castle,AP_INVOICE,Payment for standard services INV-11973
INV-11974,3333.1,2026-03-27,CloudScale Networks,6040-Freight & Delivery,charlie.brown,diana.prince,AP_INVOICE,Payment for standard services INV-11974
INV-11975,1599.3,2026-03-11,OfficeDepot Co,6030-Consulting Fees,charlie.brown,diana.prince,AP_INVOICE,Payment for standard services INV-11975
INV-11976,2169.19,2026-03-20,Metro Facilities,6050-Maintenance,bob.jones,diana.prince,AP_INVOICE,Payment for standard services INV-11976
INV-11977,4598.03,2026-03-11,TechSupplies Inc,6010-Office Expense,bob.jones,diana.prince,AP_INVOICE,Payment for standard services INV-11977
INV-11978,5285.49,2026-03-13,Metro Facilities,6040-Freight & Delivery,alice.smith,bruce.wayne,AP_INVOICE,Payment for standard services INV-11978
INV-11979,5069.2,2026-03-19,Delta Freight,6020-IT Cloud Infra,charlie.brown,bruce.wayne,AP_INVOICE,Payment for standard services INV-11979
INV-11980,727.7,2026-03-10,OfficeDepot Co,6030-Consulting Fees,charlie.brown,frank.castle,AP_INVOICE,Payment for standard services INV-11980
INV-11981,733.04,2026-03-28,TechSupplies Inc,6030-Consulting Fees,emily.watson,diana.prince,AP_INVOICE,Payment for standard services INV-11981
INV-11982,1574.65,2026-03-08,CloudScale Networks,6050-Maintenance,alice.smith,frank.castle,AP_INVOICE,Payment for standard services INV-11982
INV-11983,2916.23,2026-03-01,OfficeDepot Co,6050-Maintenance,charlie.brown,bruce.wayne,AP_INVOICE,Payment for standard services INV-11983
INV-11984,3919.95,2026-03-07,OfficeDepot Co,6030-Consulting Fees,emily.watson,bruce.wayne,AP_INVOICE,Payment for standard services INV-11984
INV-11985,2438.53,2026-03-22,Delta Freight,6030-Consulting Fees,charlie.brown,diana.prince,AP_INVOICE,Payment for standard services INV-11985
INV-11986,2902.6,2026-03-21,Metro Facilities,6010-Office Expense,bob.jones,diana.prince,AP_INVOICE,Payment for standard services INV-11986
INV-11987,2225.61,2026-03-12,Delta Freight,6010-Office Expense,alice.smith,bruce.wayne,AP_INVOICE,Payment for standard services INV-11987
INV-11988,2199.01,2026-03-16,TechSupplies Inc,6050-Maintenance,charlie.brown,bruce.wayne,AP_INVOICE,Payment for standard services INV-11988
INV-11989,1824.91,2026-03-25,TechSupplies Inc,6010-Office Expense,alice.smith,bruce.wayne,AP_INVOICE,Payment for standard services INV-11989
INV-11990,853.16,2026-03-21,Metro Facilities,6010-Office Expense,emily.watson,bruce.wayne,AP_INVOICE,Payment for standard services INV-11990
INV-11991,5991.63,2026-03-24,Delta Freight,6030-Consulting Fees,emily.watson,frank.castle,AP_INVOICE,Payment for standard services INV-11991
INV-11992,1733.15,2026-03-17,CloudScale Networks,6050-Maintenance,charlie.brown,frank.castle,AP_INVOICE,Payment for standard services INV-11992
INV-11993,4383.54,2026-03-10,Delta Freight,6010-Office Expense,emily.watson,bruce.wayne,AP_INVOICE,Payment for standard services INV-11993
INV-11994,4145.7,2026-03-14,TechSupplies Inc,6010-Office Expense,bob.jones,frank.castle,AP_INVOICE,Payment for standard services INV-11994
INV-11995,4352.71,2026-03-22,Metro Facilities,6030-Consulting Fees,emily.watson,bruce.wayne,AP_INVOICE,Payment for standard services INV-11995
INV-11996,4210.01,2026-03-25,OfficeDepot Co,6050-Maintenance,bob.jones,diana.prince,AP_INVOICE,Payment for standard services INV-11996
INV-11997,1621.55,2026-03-18,TechSupplies Inc,6010-Office Expense,alice.smith,diana.prince,AP_INVOICE,Payment for standard services INV-11997
INV-11998,548.47,2026-03-10,OfficeDepot Co,6020-IT Cloud Infra,bob.jones,diana.prince,AP_INVOICE,Payment for standard services INV-11998
INV-11999,5035.33,2026-03-05,CloudScale Networks,6020-IT Cloud Infra,charlie.brown,diana.prince,AP_INVOICE,Payment for standard services INV-11999
INV-12000,5667.83,2026-03-28,TechSupplies Inc,6040-Freight & Delivery,alice.smith,frank.castle,AP_INVOICE,Payment for standard services INV-12000
APX-SPLIT-01,4965.8,2026-03-12,Apex Consulting LLC,6030-Consulting Fees,charlie.brown,frank.castle,AP_INVOICE,Advisory Phase installment
APX-SPLIT-02,4965.49,2026-03-12,Apex Consulting LLC,6030-Consulting Fees,charlie.brown,frank.castle,AP_INVOICE,Advisory Phase installment
APX-SPLIT-03,4938.53,2026-03-12,Apex Consulting LLC,6030-Consulting Fees,charlie.brown,frank.castle,AP_INVOICE,Advisory Phase installment
MAN-JV-9901,15400.0,2026-03-15,Apex Consulting LLC,6030-Consulting Fees,john.doe,john.doe,MANUAL_JV,Special management advisory accrual
MAN-JV-9902,3200.0,2026-03-18,TechSupplies Inc,6010-Office Expense,john.doe,john.doe,MANUAL_JV,Expedited hardware adjustment
INV-88204,8750.5,2026-03-05,Global Logistics Ltd,6040-Freight & Delivery,alice.smith,diana.prince,AP_INVOICE,International courier freight charges
INV88204,8750.5,2026-03-19,Global Logistics Ltd,6040-Freight & Delivery,bob.jones,frank.castle,AP_INVOICE,Courier freight invoice re-submission
MAN-JV-8800,50000.0,2026-03-20,Delta Freight,6040-Freight & Delivery,emily.watson,bruce.wayne,MANUAL_JV,Q1 Year-end bulk logistics true-up
MAN-JV-8801,25000.0,2026-03-22,CloudScale Networks,6020-IT Cloud Infra,bob.jones,diana.prince,MANUAL_JV,Annual server capacity reservation
